t,fault,severity,active
0.0,alternator_failure,0.0,False
1.0,alternator_failure,0.0,False
2.0,alternator_failure,0.0,False
3.0,alternator_failure,0.0,False
4.0,alternator_failure,0.0,False
5.0,alternator_failure,0.0,False
6.0,alternator_failure,0.0,False
7.0,alternator_failure,0.0,False
8.0,alternator_failure,0.0,False
9.0,alternator_failure,0.0,False
10.0,alternator_failure,0.0,False
11.0,alternator_failure,0.0,False
12.0,alternator_failure,0.0,False
13.0,alternator_failure,0.0,False
14.0,alternator_failure,0.0,False
15.0,alternator_failure,0.0,False
16.0,alternator_failure,0.0,False
17.0,alternator_failure,0.0,False
18.0,alternator_failure,0.0,False
19.0,alternator_failure,0.0,False
20.0,alternator_failure,0.0,False
21.0,alternator_failure,0.0,False
22.0,alternator_failure,0.0,False
23.0,alternator_failure,0.0,False
24.0,alternator_failure,0.0,False
25.0,alternator_failure,0.0,False
26.0,alternator_failure,0.0,False
27.0,alternator_failure,0.0,False
28.0,alternator_failure,0.0,False
29.0,alternator_failure,0.0,False
30.0,alternator_failure,0.0,False
31.0,alternator_failure,0.0,False
32.0,alternator_failure,0.0,False
33.0,alternator_failure,0.0,False
34.0,alternator_failure,0.0,False
35.0,alternator_failure,0.0,False
36.0,alternator_failure,0.0,False
37.0,alternator_failure,0.0,False
38.0,alternator_failure,0.0,False
39.0,alternator_failure,0.0,False
40.0,alternator_failure,0.0,False
41.0,alternator_failure,0.0,False
42.0,alternator_failure,0.0,False
43.0,alternator_failure,0.0,False
44.0,alternator_failure,0.0,False
45.0,alternator_failure,0.0,False
46.0,alternator_failure,0.0,False
47.0,alternator_failure,0.0,False
48.0,alternator_failure,0.0,False
49.0,alternator_failure,0.0,False
50.0,alternator_failure,0.0,False
51.0,alternator_failure,0.0,False
52.0,alternator_failure,0.0,False
53.0,alternator_failure,0.0,False
54.0,alternator_failure,0.0,False
55.0,alternator_failure,0.0,False
56.0,alternator_failure,0.0,False
57.0,alternator_failure,0.0,False
58.0,alternator_failure,0.0,False
59.0,alternator_failure,0.0,False
60.0,alternator_failure,0.0,False
61.0,alternator_failure,0.0,False
62.0,alternator_failure,0.0,False
63.0,alternator_failure,0.0,False
64.0,alternator_failure,0.0,False
65.0,alternator_failure,0.0,False
66.0,alternator_failure,0.0,False
67.0,alternator_failure,0.0,False
68.0,alternator_failure,0.0,False
69.0,alternator_failure,0.0,False
70.0,alternator_failure,0.0,False
71.0,alternator_failure,0.0,False
72.0,alternator_failure,0.0,False
73.0,alternator_failure,0.0,False
74.0,alternator_failure,0.0,False
75.0,alternator_failure,0.0,False
76.0,alternator_failure,0.0,False
77.0,alternator_failure,0.0,False
78.0,alternator_failure,0.0,False
79.0,alternator_failure,0.0,False
80.0,alternator_failure,0.0,False
81.0,alternator_failure,0.0,False
82.0,alternator_failure,0.0,False
83.0,alternator_failure,0.0,False
84.0,alternator_failure,0.0,False
85.0,alternator_failure,0.0,False
86.0,alternator_failure,0.0,False
87.0,alternator_failure,0.0,False
88.0,alternator_failure,0.0,False
89.0,alternator_failure,0.0,False
90.0,alternator_failure,0.0,False
91.0,alternator_failure,0.0,False
92.0,alternator_failure,0.0,False
93.0,alternator_failure,0.0,False
94.0,alternator_failure,0.0,False
95.0,alternator_failure,0.0,False
96.0,alternator_failure,0.0,False
97.0,alternator_failure,0.0,False
98.0,alternator_failure,0.0,False
99.0,alternator_failure,0.0,False
100.0,alternator_failure,0.0,False
101.0,alternator_failure,0.0,False
102.0,alternator_failure,0.0,False
103.0,alternator_failure,0.0,False
104.0,alternator_failure,0.0,False
105.0,alternator_failure,0.0,False
106.0,alternator_failure,0.0,False
107.0,alternator_failure,0.0,False
108.0,alternator_failure,0.0,False
109.0,alternator_failure,0.0,False
110.0,alternator_failure,0.0,False
111.0,alternator_failure,0.0,False
112.0,alternator_failure,0.0,False
113.0,alternator_failure,0.0,False
114.0,alternator_failure,0.0,False
115.0,alternator_failure,0.0,False
116.0,alternator_failure,0.0,False
117.0,alternator_failure,0.0,False
118.0,alternator_failure,0.0,False
119.0,alternator_failure,0.0,False
120.0,alternator_failure,0.0,False
121.0,alternator_failure,0.0,False
122.0,alternator_failure,0.0,False
123.0,alternator_failure,0.0,False
124.0,alternator_failure,0.0,False
125.0,alternator_failure,0.0,False
126.0,alternator_failure,0.0,False
127.0,alternator_failure,0.0,False
128.0,alternator_failure,0.0,False
129.0,alternator_failure,0.0,False
130.0,alternator_failure,0.0,False
131.0,alternator_failure,0.0,False
132.0,alternator_failure,0.0,False
133.0,alternator_failure,0.0,False
134.0,alternator_failure,0.0,False
135.0,alternator_failure,0.0,False
136.0,alternator_failure,0.0,False
137.0,alternator_failure,0.0,False
138.0,alternator_failure,0.0,False
139.0,alternator_failure,0.0,False
140.0,alternator_failure,0.0,False
141.0,alternator_failure,0.0,False
142.0,alternator_failure,0.0,False
143.0,alternator_failure,0.0,False
144.0,alternator_failure,0.0,False
145.0,alternator_failure,0.0,False
146.0,alternator_failure,0.0,False
147.0,alternator_failure,0.0,False
148.0,alternator_failure,0.0,False
149.0,alternator_failure,0.0,False
150.0,alternator_failure,0.0,False
151.0,alternator_failure,0.0,False
152.0,alternator_failure,0.0,False
153.0,alternator_failure,0.0,False
154.0,alternator_failure,0.0,False
155.0,alternator_failure,0.0,False
156.0,alternator_failure,0.0,False
157.0,alternator_failure,0.0,False
158.0,alternator_failure,0.0,False
159.0,alternator_failure,0.0,False
160.0,alternator_failure,0.0,False
161.0,alternator_failure,0.0,False
162.0,alternator_failure,0.0,False
163.0,alternator_failure,0.0,False
164.0,alternator_failure,0.0,False
165.0,alternator_failure,0.0,False
166.0,alternator_failure,0.0,False
167.0,alternator_failure,0.0,False
168.0,alternator_failure,0.0,False
169.0,alternator_failure,0.0,False
170.0,alternator_failure,0.0,False
171.0,alternator_failure,0.0,False
172.0,alternator_failure,0.0,False
173.0,alternator_failure,0.0,False
174.0,alternator_failure,0.0,False
175.0,alternator_failure,0.0,False
176.0,alternator_failure,0.0,False
177.0,alternator_failure,0.0,False
178.0,alternator_failure,0.0,False
179.0,alternator_failure,0.0,False
180.0,alternator_failure,0.0,False
181.0,alternator_failure,0.0,False
182.0,alternator_failure,0.0,False
183.0,alternator_failure,0.0,False
184.0,alternator_failure,0.0,False
185.0,alternator_failure,0.0,False
186.0,alternator_failure,0.0,False
187.0,alternator_failure,0.0,False
188.0,alternator_failure,0.0,False
189.0,alternator_failure,0.0,False
190.0,alternator_failure,0.0,False
191.0,alternator_failure,0.0,False
192.0,alternator_failure,0.0,False
193.0,alternator_failure,0.0,False
194.0,alternator_failure,0.0,False
195.0,alternator_failure,0.0,False
196.0,alternator_failure,0.0,False
197.0,alternator_failure,0.0,False
198.0,alternator_failure,0.0,False
199.0,alternator_failure,0.0,False
200.0,alternator_failure,0.0,False
201.0,alternator_failure,0.0,False
202.0,alternator_failure,0.0,False
203.0,alternator_failure,0.0,False
204.0,alternator_failure,0.0,False
205.0,alternator_failure,0.0,False
206.0,alternator_failure,0.0,False
207.0,alternator_failure,0.0,False
208.0,alternator_failure,0.0,False
209.0,alternator_failure,0.0,False
210.0,alternator_failure,0.0,False
211.0,alternator_failure,0.0,False
212.0,alternator_failure,0.0,False
213.0,alternator_failure,0.0,False
214.0,alternator_failure,0.0,False
215.0,alternator_failure,0.0,False
216.0,alternator_failure,0.0,False
217.0,alternator_failure,0.0,False
218.0,alternator_failure,0.0,False
219.0,alternator_failure,0.0,False
220.0,alternator_failure,0.0,False
221.0,alternator_failure,0.0,False
222.0,alternator_failure,0.0,False
223.0,alternator_failure,0.0,False
224.0,alternator_failure,0.0,False
225.0,alternator_failure,0.0,False
226.0,alternator_failure,0.0,False
227.0,alternator_failure,0.0,False
228.0,alternator_failure,0.0,False
229.0,alternator_failure,0.0,False
230.0,alternator_failure,0.0,False
231.0,alternator_failure,0.0,False
232.0,alternator_failure,0.0,False
233.0,alternator_failure,0.0,False
234.0,alternator_failure,0.0,False
235.0,alternator_failure,0.0,False
236.0,alternator_failure,0.0,False
237.0,alternator_failure,0.0,False
238.0,alternator_failure,0.0,False
239.0,alternator_failure,0.0,False
240.0,alternator_failure,0.0,False
241.0,alternator_failure,0.0,False
242.0,alternator_failure,0.0,False
243.0,alternator_failure,0.0,False
244.0,alternator_failure,0.0,False
245.0,alternator_failure,0.0,False
246.0,alternator_failure,0.0,False
247.0,alternator_failure,0.0,False
248.0,alternator_failure,0.0,False
249.0,alternator_failure,0.0,False
250.0,alternator_failure,0.0,False
251.0,alternator_failure,0.0,False
252.0,alternator_failure,0.0,False
253.0,alternator_failure,0.0,False
254.0,alternator_failure,0.0,False
255.0,alternator_failure,0.0,False
256.0,alternator_failure,0.0,False
257.0,alternator_failure,0.0,False
258.0,alternator_failure,0.0,False
259.0,alternator_failure,0.0,False
260.0,alternator_failure,0.0,False
261.0,alternator_failure,0.0,False
262.0,alternator_failure,0.0,False
263.0,alternator_failure,0.0,False
264.0,alternator_failure,0.0,False
265.0,alternator_failure,0.0,False
266.0,alternator_failure,0.0,False
267.0,alternator_failure,0.0,False
268.0,alternator_failure,0.0,False
269.0,alternator_failure,0.0,False
270.0,alternator_failure,0.0,False
271.0,alternator_failure,0.0,False
272.0,alternator_failure,0.0,False
273.0,alternator_failure,0.0,False
274.0,alternator_failure,0.0,False
275.0,alternator_failure,0.0,False
276.0,alternator_failure,0.0,False
277.0,alternator_failure,0.0,False
278.0,alternator_failure,0.0,False
279.0,alternator_failure,0.0,False
280.0,alternator_failure,0.0,False
281.0,alternator_failure,0.0,False
282.0,alternator_failure,0.0,False
283.0,alternator_failure,0.0,False
284.0,alternator_failure,0.0,False
285.0,alternator_failure,0.0,False
286.0,alternator_failure,0.0,False
287.0,alternator_failure,0.0,False
288.0,alternator_failure,0.0,False
289.0,alternator_failure,0.0,False
290.0,alternator_failure,0.0,False
291.0,alternator_failure,0.0,False
292.0,alternator_failure,0.0,False
293.0,alternator_failure,0.0,False
294.0,alternator_failure,0.0,False
295.0,alternator_failure,0.0,False
296.0,alternator_failure,0.0,False
297.0,alternator_failure,0.0,False
298.0,alternator_failure,0.0,False
299.0,alternator_failure,0.0,False
300.0,alternator_failure,0.0,False
301.0,alternator_failure,0.0,False
302.0,alternator_failure,0.0,False
303.0,alternator_failure,0.0,False
304.0,alternator_failure,0.0,False
305.0,alternator_failure,0.0,False
306.0,alternator_failure,0.0,False
307.0,alternator_failure,0.0,False
308.0,alternator_failure,0.0,False
309.0,alternator_failure,0.0,False
310.0,alternator_failure,0.0,False
311.0,alternator_failure,0.0,False
312.0,alternator_failure,0.0,False
313.0,alternator_failure,0.0,False
314.0,alternator_failure,0.0,False
315.0,alternator_failure,0.0,False
316.0,alternator_failure,0.0,False
317.0,alternator_failure,0.0,False
318.0,alternator_failure,0.0,False
319.0,alternator_failure,0.0,False
320.0,alternator_failure,0.0,False
321.0,alternator_failure,0.0,False
322.0,alternator_failure,0.0,False
323.0,alternator_failure,0.0,False
324.0,alternator_failure,0.0,False
325.0,alternator_failure,0.0,False
326.0,alternator_failure,0.0,False
327.0,alternator_failure,0.0,False
328.0,alternator_failure,0.0,False
329.0,alternator_failure,0.0,False
330.0,alternator_failure,0.0,False
331.0,alternator_failure,0.0,False
332.0,alternator_failure,0.0,False
333.0,alternator_failure,0.0,False
334.0,alternator_failure,0.0,False
335.0,alternator_failure,0.0,False
336.0,alternator_failure,0.0,False
337.0,alternator_failure,0.0,False
338.0,alternator_failure,0.0,False
339.0,alternator_failure,0.0,False
340.0,alternator_failure,0.0,False
341.0,alternator_failure,0.0,False
342.0,alternator_failure,0.0,False
343.0,alternator_failure,0.0,False
344.0,alternator_failure,0.0,False
345.0,alternator_failure,0.0,False
346.0,alternator_failure,0.0,False
347.0,alternator_failure,0.0,False
348.0,alternator_failure,0.0,False
349.0,alternator_failure,0.0,False
350.0,alternator_failure,0.0,False
351.0,alternator_failure,0.0,False
352.0,alternator_failure,0.0,False
353.0,alternator_failure,0.0,False
354.0,alternator_failure,0.0,False
355.0,alternator_failure,0.0,False
356.0,alternator_failure,0.0,False
357.0,alternator_failure,0.0,False
358.0,alternator_failure,0.0,False
359.0,alternator_failure,0.0,False
360.0,alternator_failure,0.0,False
361.0,alternator_failure,0.0,False
362.0,alternator_failure,0.0,False
363.0,alternator_failure,0.0,False
364.0,alternator_failure,0.0,False
365.0,alternator_failure,0.0,False
366.0,alternator_failure,0.0,False
367.0,alternator_failure,0.0,False
368.0,alternator_failure,0.0,False
369.0,alternator_failure,0.0,False
370.0,alternator_failure,0.0,False
371.0,alternator_failure,0.0,False
372.0,alternator_failure,0.0,False
373.0,alternator_failure,0.0,False
374.0,alternator_failure,0.0,False
375.0,alternator_failure,0.0,False
376.0,alternator_failure,0.0,False
377.0,alternator_failure,0.0,False
378.0,alternator_failure,0.0,False
379.0,alternator_failure,0.0,False
380.0,alternator_failure,0.0,False
381.0,alternator_failure,0.0,False
382.0,alternator_failure,0.0,False
383.0,alternator_failure,0.0,False
384.0,alternator_failure,0.0,False
385.0,alternator_failure,0.0,False
386.0,alternator_failure,0.0,False
387.0,alternator_failure,0.0,False
388.0,alternator_failure,0.0,False
389.0,alternator_failure,0.0,False
390.0,alternator_failure,0.0,False
391.0,alternator_failure,0.0,False
392.0,alternator_failure,0.0,False
393.0,alternator_failure,0.0,False
394.0,alternator_failure,0.0,False
395.0,alternator_failure,0.0,False
396.0,alternator_failure,0.0,False
397.0,alternator_failure,0.0,False
398.0,alternator_failure,0.0,False
399.0,alternator_failure,0.0,False
400.0,alternator_failure,0.0,False
401.0,alternator_failure,0.0,False
402.0,alternator_failure,0.0,False
403.0,alternator_failure,0.0,False
404.0,alternator_failure,0.0,False
405.0,alternator_failure,0.0,False
406.0,alternator_failure,0.0,False
407.0,alternator_failure,0.0,False
408.0,alternator_failure,0.0,False
409.0,alternator_failure,0.0,False
410.0,alternator_failure,0.0,False
411.0,alternator_failure,0.0,False
412.0,alternator_failure,0.0,False
413.0,alternator_failure,0.0,False
414.0,alternator_failure,0.0,False
415.0,alternator_failure,0.0,False
416.0,alternator_failure,0.0,False
417.0,alternator_failure,0.0,False
418.0,alternator_failure,0.0,False
419.0,alternator_failure,0.0,False
420.0,alternator_failure,0.0,False
421.0,alternator_failure,0.0,False
422.0,alternator_failure,0.0,False
423.0,alternator_failure,0.0,False
424.0,alternator_failure,0.0,False
425.0,alternator_failure,0.0,False
426.0,alternator_failure,0.0,False
427.0,alternator_failure,0.0,False
428.0,alternator_failure,0.0,False
429.0,alternator_failure,0.0,False
430.0,alternator_failure,0.0,False
431.0,alternator_failure,0.0,False
432.0,alternator_failure,0.0,False
433.0,alternator_failure,0.0,False
434.0,alternator_failure,0.0,False
435.0,alternator_failure,0.0,False
436.0,alternator_failure,0.0,False
437.0,alternator_failure,0.0,False
438.0,alternator_failure,0.0,False
439.0,alternator_failure,0.0,False
440.0,alternator_failure,0.0,False
441.0,alternator_failure,0.0,False
442.0,alternator_failure,0.0,False
443.0,alternator_failure,0.0,False
444.0,alternator_failure,0.0,False
445.0,alternator_failure,0.0,False
446.0,alternator_failure,0.0,False
447.0,alternator_failure,0.0,False
448.0,alternator_failure,0.0,False
449.0,alternator_failure,0.0,False
450.0,alternator_failure,0.0,False
451.0,alternator_failure,0.0,False
452.0,alternator_failure,0.0,False
453.0,alternator_failure,0.0,False
454.0,alternator_failure,0.0,False
455.0,alternator_failure,0.0,False
456.0,alternator_failure,0.0,False
457.0,alternator_failure,0.0,False
458.0,alternator_failure,0.0,False
459.0,alternator_failure,0.0,False
460.0,alternator_failure,0.0,False
461.0,alternator_failure,0.0,False
462.0,alternator_failure,0.0,False
463.0,alternator_failure,0.0,False
464.0,alternator_failure,0.0,False
465.0,alternator_failure,0.0,False
466.0,alternator_failure,0.0,False
467.0,alternator_failure,0.0,False
468.0,alternator_failure,0.0,False
469.0,alternator_failure,0.0,False
470.0,alternator_failure,0.0,False
471.0,alternator_failure,0.0,False
472.0,alternator_failure,0.0,False
473.0,alternator_failure,0.0,False
474.0,alternator_failure,0.0,False
475.0,alternator_failure,0.0,False
476.0,alternator_failure,0.0,False
477.0,alternator_failure,0.0,False
478.0,alternator_failure,0.0,False
479.0,alternator_failure,0.0,False
480.0,alternator_failure,0.0,False
481.0,alternator_failure,0.0,False
482.0,alternator_failure,0.0,False
483.0,alternator_failure,0.0,False
484.0,alternator_failure,0.0,False
485.0,alternator_failure,0.0,False
486.0,alternator_failure,0.0,False
487.0,alternator_failure,0.0,False
488.0,alternator_failure,0.0,False
489.0,alternator_failure,0.0,False
490.0,alternator_failure,0.0,False
491.0,alternator_failure,0.0,False
492.0,alternator_failure,0.0,False
493.0,alternator_failure,0.0,False
494.0,alternator_failure,0.0,False
495.0,alternator_failure,0.0,False
496.0,alternator_failure,0.0,False
497.0,alternator_failure,0.0,False
498.0,alternator_failure,0.0,False
499.0,alternator_failure,0.0,False
500.0,alternator_failure,0.0,False
501.0,alternator_failure,0.0,False
502.0,alternator_failure,0.0,False
503.0,alternator_failure,0.0,False
504.0,alternator_failure,0.0,False
505.0,alternator_failure,0.0,False
506.0,alternator_failure,0.0,False
507.0,alternator_failure,0.0,False
508.0,alternator_failure,0.0,False
509.0,alternator_failure,0.0,False
510.0,alternator_failure,0.0,False
511.0,alternator_failure,0.0,False
512.0,alternator_failure,0.0,False
513.0,alternator_failure,0.0,False
514.0,alternator_failure,0.0,False
515.0,alternator_failure,0.0,False
516.0,alternator_failure,0.0,False
517.0,alternator_failure,0.0,False
518.0,alternator_failure,0.0,False
519.0,alternator_failure,0.0,False
520.0,alternator_failure,0.0,False
521.0,alternator_failure,0.0,False
522.0,alternator_failure,0.0,False
523.0,alternator_failure,0.0,False
524.0,alternator_failure,0.0,False
525.0,alternator_failure,0.0,False
526.0,alternator_failure,0.0,False
527.0,alternator_failure,0.0,False
528.0,alternator_failure,0.0,False
529.0,alternator_failure,0.0,False
530.0,alternator_failure,0.0,False
531.0,alternator_failure,0.0,False
532.0,alternator_failure,0.0,False
533.0,alternator_failure,0.0,False
534.0,alternator_failure,0.0,False
535.0,alternator_failure,0.0,False
536.0,alternator_failure,0.0,False
537.0,alternator_failure,0.0,False
538.0,alternator_failure,0.0,False
539.0,alternator_failure,0.0,False
540.0,alternator_failure,0.0,False
541.0,alternator_failure,0.0,False
542.0,alternator_failure,0.0,False
543.0,alternator_failure,0.0,False
544.0,alternator_failure,0.0,False
545.0,alternator_failure,0.0,False
546.0,alternator_failure,0.0,False
547.0,alternator_failure,0.0,False
548.0,alternator_failure,0.0,False
549.0,alternator_failure,0.0,False
550.0,alternator_failure,0.0,False
551.0,alternator_failure,0.0,False
552.0,alternator_failure,0.0,False
553.0,alternator_failure,0.0,False
554.0,alternator_failure,0.0,False
555.0,alternator_failure,0.0,False
556.0,alternator_failure,0.0,False
557.0,alternator_failure,0.0,False
558.0,alternator_failure,0.0,False
559.0,alternator_failure,0.0,False
560.0,alternator_failure,0.0,False
561.0,alternator_failure,0.0,False
562.0,alternator_failure,0.0,False
563.0,alternator_failure,0.0,False
564.0,alternator_failure,0.0,False
565.0,alternator_failure,0.0,False
566.0,alternator_failure,0.0,False
567.0,alternator_failure,0.0,False
568.0,alternator_failure,0.0,False
569.0,alternator_failure,0.0,False
570.0,alternator_failure,0.0,False
571.0,alternator_failure,0.0,False
572.0,alternator_failure,0.0,False
573.0,alternator_failure,0.0,False
574.0,alternator_failure,0.0,False
575.0,alternator_failure,0.0,False
576.0,alternator_failure,0.0,False
577.0,alternator_failure,0.0,False
578.0,alternator_failure,0.0,False
579.0,alternator_failure,0.0,False
580.0,alternator_failure,0.0,False
581.0,alternator_failure,0.0,False
582.0,alternator_failure,0.0,False
583.0,alternator_failure,0.0,False
584.0,alternator_failure,0.0,False
585.0,alternator_failure,0.0,False
586.0,alternator_failure,0.0,False
587.0,alternator_failure,0.0,False
588.0,alternator_failure,0.0,False
589.0,alternator_failure,0.0,False
590.0,alternator_failure,0.0,False
591.0,alternator_failure,0.0,False
592.0,alternator_failure,0.0,False
593.0,alternator_failure,0.0,False
594.0,alternator_failure,0.0,False
595.0,alternator_failure,0.0,False
596.0,alternator_failure,0.0,False
597.0,alternator_failure,0.0,False
598.0,alternator_failure,0.0,False
599.0,alternator_failure,0.0,False
600.0,alternator_failure,0.0,False
601.0,alternator_failure,0.0,False
602.0,alternator_failure,0.0,False
603.0,alternator_failure,0.0,False
604.0,alternator_failure,0.0,False
605.0,alternator_failure,0.0,False
606.0,alternator_failure,0.0,False
607.0,alternator_failure,0.0,False
608.0,alternator_failure,0.0,False
609.0,alternator_failure,0.0,False
610.0,alternator_failure,0.0,False
611.0,alternator_failure,0.0,False
612.0,alternator_failure,0.0,False
613.0,alternator_failure,0.0,False
614.0,alternator_failure,0.0,False
615.0,alternator_failure,0.0,False
616.0,alternator_failure,0.0,False
617.0,alternator_failure,0.0,False
618.0,alternator_failure,0.0,False
619.0,alternator_failure,0.0,False
620.0,alternator_failure,0.0,False
621.0,alternator_failure,0.0,False
622.0,alternator_failure,0.0,False
623.0,alternator_failure,0.0,False
624.0,alternator_failure,0.0,False
625.0,alternator_failure,0.0,False
626.0,alternator_failure,0.0,False
627.0,alternator_failure,0.0,False
628.0,alternator_failure,0.0,False
629.0,alternator_failure,0.0,False
630.0,alternator_failure,0.0,False
631.0,alternator_failure,0.0,False
632.0,alternator_failure,0.0,False
633.0,alternator_failure,0.0,False
634.0,alternator_failure,0.0,False
635.0,alternator_failure,0.0,False
636.0,alternator_failure,0.0,False
637.0,alternator_failure,0.0,False
638.0,alternator_failure,0.0,False
639.0,alternator_failure,0.0,False
640.0,alternator_failure,0.0,False
641.0,alternator_failure,0.0,False
642.0,alternator_failure,0.0,False
643.0,alternator_failure,0.0,False
644.0,alternator_failure,0.0,False
645.0,alternator_failure,0.0,False
646.0,alternator_failure,0.0,False
647.0,alternator_failure,0.0,False
648.0,alternator_failure,0.0,False
649.0,alternator_failure,0.0,False
650.0,alternator_failure,0.0,False
651.0,alternator_failure,0.0,False
652.0,alternator_failure,0.0,False
653.0,alternator_failure,0.0,False
654.0,alternator_failure,0.0,False
655.0,alternator_failure,0.0,False
656.0,alternator_failure,0.0,False
657.0,alternator_failure,0.0,False
658.0,alternator_failure,0.0,False
659.0,alternator_failure,0.0,False
660.0,alternator_failure,0.0,False
661.0,alternator_failure,0.0,False
662.0,alternator_failure,0.0,False
663.0,alternator_failure,0.0,False
664.0,alternator_failure,0.0,False
665.0,alternator_failure,0.0,False
666.0,alternator_failure,0.0,False
667.0,alternator_failure,0.0,False
668.0,alternator_failure,0.0,False
669.0,alternator_failure,0.0,False
670.0,alternator_failure,0.0,False
671.0,alternator_failure,0.0,False
672.0,alternator_failure,0.0,False
673.0,alternator_failure,0.0,False
674.0,alternator_failure,0.0,False
675.0,alternator_failure,0.0,False
676.0,alternator_failure,0.0,False
677.0,alternator_failure,0.0,False
678.0,alternator_failure,0.0,False
679.0,alternator_failure,0.0,False
680.0,alternator_failure,0.0,False
681.0,alternator_failure,0.0,False
682.0,alternator_failure,0.0,False
683.0,alternator_failure,0.0,False
684.0,alternator_failure,0.0,False
685.0,alternator_failure,0.0,False
686.0,alternator_failure,0.0,False
687.0,alternator_failure,0.0,False
688.0,alternator_failure,0.0,False
689.0,alternator_failure,0.0,False
690.0,alternator_failure,0.0,False
691.0,alternator_failure,0.0,False
692.0,alternator_failure,0.0,False
693.0,alternator_failure,0.0,False
694.0,alternator_failure,0.0,False
695.0,alternator_failure,0.0,False
696.0,alternator_failure,0.0,False
697.0,alternator_failure,0.0,False
698.0,alternator_failure,0.0,False
699.0,alternator_failure,0.0,False
700.0,alternator_failure,0.0,False
701.0,alternator_failure,0.0,False
702.0,alternator_failure,0.0,False
703.0,alternator_failure,0.0,False
704.0,alternator_failure,0.0,False
705.0,alternator_failure,0.0,False
706.0,alternator_failure,0.0,False
707.0,alternator_failure,0.0,False
708.0,alternator_failure,0.0,False
709.0,alternator_failure,0.0,False
710.0,alternator_failure,0.0,False
711.0,alternator_failure,0.0,False
712.0,alternator_failure,0.0,False
713.0,alternator_failure,0.0,False
714.0,alternator_failure,0.0,False
715.0,alternator_failure,0.0,False
716.0,alternator_failure,0.0,False
717.0,alternator_failure,0.0,False
718.0,alternator_failure,0.0,False
719.0,alternator_failure,0.0,False
720.0,alternator_failure,0.0,False
721.0,alternator_failure,0.0,False
722.0,alternator_failure,0.0,False
723.0,alternator_failure,0.0,False
724.0,alternator_failure,0.0,False
725.0,alternator_failure,0.0,False
726.0,alternator_failure,0.0,False
727.0,alternator_failure,0.0,False
728.0,alternator_failure,0.0,False
729.0,alternator_failure,0.0,False
730.0,alternator_failure,0.0,False
731.0,alternator_failure,0.0,False
732.0,alternator_failure,0.0,False
733.0,alternator_failure,0.0,False
734.0,alternator_failure,0.0,False
735.0,alternator_failure,0.0,False
736.0,alternator_failure,0.0,False
737.0,alternator_failure,0.0,False
738.0,alternator_failure,0.0,False
739.0,alternator_failure,0.0,False
740.0,alternator_failure,0.0,False
741.0,alternator_failure,0.0,False
742.0,alternator_failure,0.0,False
743.0,alternator_failure,0.0,False
744.0,alternator_failure,0.0,False
745.0,alternator_failure,0.0,False
746.0,alternator_failure,0.0,False
747.0,alternator_failure,0.0,False
748.0,alternator_failure,0.0,False
749.0,alternator_failure,0.0,False
750.0,alternator_failure,0.0,False
751.0,alternator_failure,0.0,False
752.0,alternator_failure,0.0,False
753.0,alternator_failure,0.0,False
754.0,alternator_failure,0.0,False
755.0,alternator_failure,0.0,False
756.0,alternator_failure,0.0,False
757.0,alternator_failure,0.0,False
758.0,alternator_failure,0.0,False
759.0,alternator_failure,0.0,False
760.0,alternator_failure,0.0,False
761.0,alternator_failure,0.0,False
762.0,alternator_failure,0.0,False
763.0,alternator_failure,0.0,False
764.0,alternator_failure,0.0,False
765.0,alternator_failure,0.0,False
766.0,alternator_failure,0.0,False
767.0,alternator_failure,0.0,False
768.0,alternator_failure,0.0,False
769.0,alternator_failure,0.0,False
770.0,alternator_failure,0.0,False
771.0,alternator_failure,0.0,False
772.0,alternator_failure,0.0,False
773.0,alternator_failure,0.0,False
774.0,alternator_failure,0.0,False
775.0,alternator_failure,0.0,False
776.0,alternator_failure,0.0,False
777.0,alternator_failure,0.0,False
778.0,alternator_failure,0.0,False
779.0,alternator_failure,0.0,False
780.0,alternator_failure,0.0,False
781.0,alternator_failure,0.0,False
782.0,alternator_failure,0.0,False
783.0,alternator_failure,0.0,False
784.0,alternator_failure,0.0,False
785.0,alternator_failure,0.0,False
786.0,alternator_failure,0.0,False
787.0,alternator_failure,0.0,False
788.0,alternator_failure,0.0,False
789.0,alternator_failure,0.0,False
790.0,alternator_failure,0.0,False
791.0,alternator_failure,0.0,False
792.0,alternator_failure,0.0,False
793.0,alternator_failure,0.0,False
794.0,alternator_failure,0.0,False
795.0,alternator_failure,0.0,False
796.0,alternator_failure,0.0,False
797.0,alternator_failure,0.0,False
798.0,alternator_failure,0.0,False
799.0,alternator_failure,0.0,False
800.0,alternator_failure,0.0,False
801.0,alternator_failure,0.0,False
802.0,alternator_failure,0.0,False
803.0,alternator_failure,0.0,False
804.0,alternator_failure,0.0,False
805.0,alternator_failure,0.0,False
806.0,alternator_failure,0.0,False
807.0,alternator_failure,0.0,False
808.0,alternator_failure,0.0,False
809.0,alternator_failure,0.0,False
810.0,alternator_failure,0.0,False
811.0,alternator_failure,0.0,False
812.0,alternator_failure,0.0,False
813.0,alternator_failure,0.0,False
814.0,alternator_failure,0.0,False
815.0,alternator_failure,0.0,False
816.0,alternator_failure,0.0,False
817.0,alternator_failure,0.0,False
818.0,alternator_failure,0.0,False
819.0,alternator_failure,0.0,False
820.0,alternator_failure,0.0,False
821.0,alternator_failure,0.0,False
822.0,alternator_failure,0.0,False
823.0,alternator_failure,0.0,False
824.0,alternator_failure,0.0,False
825.0,alternator_failure,0.0,False
826.0,alternator_failure,0.0,False
827.0,alternator_failure,0.0,False
828.0,alternator_failure,0.0,False
829.0,alternator_failure,0.0,False
830.0,alternator_failure,0.0,False
831.0,alternator_failure,0.0,False
832.0,alternator_failure,0.0,False
833.0,alternator_failure,0.0,False
834.0,alternator_failure,0.0,False
835.0,alternator_failure,0.0,False
836.0,alternator_failure,0.0,False
837.0,alternator_failure,0.0,False
838.0,alternator_failure,0.0,False
839.0,alternator_failure,0.0,False
840.0,alternator_failure,0.0,False
841.0,alternator_failure,0.0,False
842.0,alternator_failure,0.0,False
843.0,alternator_failure,0.0,False
844.0,alternator_failure,0.0,False
845.0,alternator_failure,0.0,False
846.0,alternator_failure,0.0,False
847.0,alternator_failure,0.0,False
848.0,alternator_failure,0.0,False
849.0,alternator_failure,0.0,False
850.0,alternator_failure,0.0,False
851.0,alternator_failure,0.0,False
852.0,alternator_failure,0.0,False
853.0,alternator_failure,0.0,False
854.0,alternator_failure,0.0,False
855.0,alternator_failure,0.0,False
856.0,alternator_failure,0.0,False
857.0,alternator_failure,0.0,False
858.0,alternator_failure,0.0,False
859.0,alternator_failure,0.0,False
860.0,alternator_failure,0.0,False
861.0,alternator_failure,0.0,False
862.0,alternator_failure,0.0,False
863.0,alternator_failure,0.0,False
864.0,alternator_failure,0.0,False
865.0,alternator_failure,0.0,False
866.0,alternator_failure,0.0,False
867.0,alternator_failure,0.0,False
868.0,alternator_failure,0.0,False
869.0,alternator_failure,0.0,False
870.0,alternator_failure,0.0,False
871.0,alternator_failure,0.0,False
872.0,alternator_failure,0.0,False
873.0,alternator_failure,0.0,False
874.0,alternator_failure,0.0,False
875.0,alternator_failure,0.0,False
876.0,alternator_failure,0.0,False
877.0,alternator_failure,0.0,False
878.0,alternator_failure,0.0,False
879.0,alternator_failure,0.0,False
880.0,alternator_failure,0.0,False
881.0,alternator_failure,0.0,False
882.0,alternator_failure,0.0,False
883.0,alternator_failure,0.0,False
884.0,alternator_failure,0.0,False
885.0,alternator_failure,0.0,False
886.0,alternator_failure,0.0,False
887.0,alternator_failure,0.0,False
888.0,alternator_failure,0.0,False
889.0,alternator_failure,0.0,False
890.0,alternator_failure,0.0,False
891.0,alternator_failure,0.0,False
892.0,alternator_failure,0.0,False
893.0,alternator_failure,0.0,False
894.0,alternator_failure,0.0,False
895.0,alternator_failure,0.0,False
896.0,alternator_failure,0.0,False
897.0,alternator_failure,0.0,False
898.0,alternator_failure,0.0,False
899.0,alternator_failure,0.0,False
900.0,alternator_failure,0.0,False
901.0,alternator_failure,0.0,False
902.0,alternator_failure,0.0,False
903.0,alternator_failure,0.0,False
904.0,alternator_failure,0.0,False
905.0,alternator_failure,0.0,False
906.0,alternator_failure,0.0,False
907.0,alternator_failure,0.0,False
908.0,alternator_failure,0.0,False
909.0,alternator_failure,0.0,False
910.0,alternator_failure,0.0,False
911.0,alternator_failure,0.0,False
912.0,alternator_failure,0.0,False
913.0,alternator_failure,0.0,False
914.0,alternator_failure,0.0,False
915.0,alternator_failure,0.0,False
916.0,alternator_failure,0.0,False
917.0,alternator_failure,0.0,False
918.0,alternator_failure,0.0,False
919.0,alternator_failure,0.0,False
920.0,alternator_failure,0.0,False
921.0,alternator_failure,0.0,False
922.0,alternator_failure,0.0,False
923.0,alternator_failure,0.0,False
924.0,alternator_failure,0.0,False
925.0,alternator_failure,0.0,False
926.0,alternator_failure,0.0,False
927.0,alternator_failure,0.0,False
928.0,alternator_failure,0.0,False
929.0,alternator_failure,0.0,False
930.0,alternator_failure,0.0,False
931.0,alternator_failure,0.0,False
932.0,alternator_failure,0.0,False
933.0,alternator_failure,0.0,False
934.0,alternator_failure,0.0,False
935.0,alternator_failure,0.0,False
936.0,alternator_failure,0.0,False
937.0,alternator_failure,0.0,False
938.0,alternator_failure,0.0,False
939.0,alternator_failure,0.0,False
940.0,alternator_failure,0.0,False
941.0,alternator_failure,0.0,False
942.0,alternator_failure,0.0,False
943.0,alternator_failure,0.0,False
944.0,alternator_failure,0.0,False
945.0,alternator_failure,0.0,False
946.0,alternator_failure,0.0,False
947.0,alternator_failure,0.0,False
948.0,alternator_failure,0.0,False
949.0,alternator_failure,0.0,False
950.0,alternator_failure,0.0,False
951.0,alternator_failure,0.0,False
952.0,alternator_failure,0.0,False
953.0,alternator_failure,0.0,False
954.0,alternator_failure,0.0,False
955.0,alternator_failure,0.0,False
956.0,alternator_failure,0.0,False
957.0,alternator_failure,0.0,False
958.0,alternator_failure,0.0,False
959.0,alternator_failure,0.0,False
960.0,alternator_failure,0.0,False
961.0,alternator_failure,0.0,False
962.0,alternator_failure,0.0,False
963.0,alternator_failure,0.0,False
964.0,alternator_failure,0.0,False
965.0,alternator_failure,0.0,False
966.0,alternator_failure,0.0,False
967.0,alternator_failure,0.0,False
968.0,alternator_failure,0.0,False
969.0,alternator_failure,0.0,False
970.0,alternator_failure,0.0,False
971.0,alternator_failure,0.0,False
972.0,alternator_failure,0.0,False
973.0,alternator_failure,0.0,False
974.0,alternator_failure,0.0,False
975.0,alternator_failure,0.0,False
976.0,alternator_failure,0.0,False
977.0,alternator_failure,0.0,False
978.0,alternator_failure,0.0,False
979.0,alternator_failure,0.0,False
980.0,alternator_failure,0.0,False
981.0,alternator_failure,0.0,False
982.0,alternator_failure,0.0,False
983.0,alternator_failure,0.0,False
984.0,alternator_failure,0.0,False
985.0,alternator_failure,0.0,False
986.0,alternator_failure,0.0,False
987.0,alternator_failure,0.0,False
988.0,alternator_failure,0.0,False
989.0,alternator_failure,0.0,False
990.0,alternator_failure,0.0,False
991.0,alternator_failure,0.0,False
992.0,alternator_failure,0.0,False
993.0,alternator_failure,0.0,False
994.0,alternator_failure,0.0,False
995.0,alternator_failure,0.0,False
996.0,alternator_failure,0.0,False
997.0,alternator_failure,0.0,False
998.0,alternator_failure,0.0,False
999.0,alternator_failure,0.0,False
1000.0,alternator_failure,0.0,False
1001.0,alternator_failure,0.0,False
1002.0,alternator_failure,0.0,False
1003.0,alternator_failure,0.0,False
1004.0,alternator_failure,0.0,False
1005.0,alternator_failure,0.0,False
1006.0,alternator_failure,0.0,False
1007.0,alternator_failure,0.0,False
1008.0,alternator_failure,0.0,False
1009.0,alternator_failure,0.0,False
1010.0,alternator_failure,0.0,False
1011.0,alternator_failure,0.0,False
1012.0,alternator_failure,0.0,False
1013.0,alternator_failure,0.0,False
1014.0,alternator_failure,0.0,False
1015.0,alternator_failure,0.0,False
1016.0,alternator_failure,0.0,False
1017.0,alternator_failure,0.0,False
1018.0,alternator_failure,0.0,False
1019.0,alternator_failure,0.0,False
1020.0,alternator_failure,0.0,False
1021.0,alternator_failure,0.0,False
1022.0,alternator_failure,0.0,False
1023.0,alternator_failure,0.0,False
1024.0,alternator_failure,0.0,False
1025.0,alternator_failure,0.0,False
1026.0,alternator_failure,0.0,False
1027.0,alternator_failure,0.0,False
1028.0,alternator_failure,0.0,False
1029.0,alternator_failure,0.0,False
1030.0,alternator_failure,0.0,False
1031.0,alternator_failure,0.0,False
1032.0,alternator_failure,0.0,False
1033.0,alternator_failure,0.0,False
1034.0,alternator_failure,0.0,False
1035.0,alternator_failure,0.0,False
1036.0,alternator_failure,0.0,False
1037.0,alternator_failure,0.0,False
1038.0,alternator_failure,0.0,False
1039.0,alternator_failure,0.0,False
1040.0,alternator_failure,0.0,False
1041.0,alternator_failure,0.0,False
1042.0,alternator_failure,0.0,False
1043.0,alternator_failure,0.0,False
1044.0,alternator_failure,0.0,False
1045.0,alternator_failure,0.0,False
1046.0,alternator_failure,0.0,False
1047.0,alternator_failure,0.0,False
1048.0,alternator_failure,0.0,False
1049.0,alternator_failure,0.0,False
1050.0,alternator_failure,0.0,False
1051.0,alternator_failure,0.0,False
1052.0,alternator_failure,0.0,False
1053.0,alternator_failure,0.0,False
1054.0,alternator_failure,0.0,False
1055.0,alternator_failure,0.0,False
1056.0,alternator_failure,0.0,False
1057.0,alternator_failure,0.0,False
1058.0,alternator_failure,0.0,False
1059.0,alternator_failure,0.0,False
1060.0,alternator_failure,0.0,False
1061.0,alternator_failure,0.0,False
1062.0,alternator_failure,0.0,False
1063.0,alternator_failure,0.0,False
1064.0,alternator_failure,0.0,False
1065.0,alternator_failure,0.0,False
1066.0,alternator_failure,0.0,False
1067.0,alternator_failure,0.0,False
1068.0,alternator_failure,0.0,False
1069.0,alternator_failure,0.0,False
1070.0,alternator_failure,0.0,False
1071.0,alternator_failure,0.0,False
1072.0,alternator_failure,0.0,False
1073.0,alternator_failure,0.0,False
1074.0,alternator_failure,0.0,False
1075.0,alternator_failure,0.0,False
1076.0,alternator_failure,0.0,False
1077.0,alternator_failure,0.0,False
1078.0,alternator_failure,0.0,False
1079.0,alternator_failure,0.0,False
1080.0,alternator_failure,0.0,False
1081.0,alternator_failure,0.0,False
1082.0,alternator_failure,0.0,False
1083.0,alternator_failure,0.0,False
1084.0,alternator_failure,0.0,False
1085.0,alternator_failure,0.0,False
1086.0,alternator_failure,0.0,False
1087.0,alternator_failure,0.0,False
1088.0,alternator_failure,0.0,False
1089.0,alternator_failure,0.0,False
1090.0,alternator_failure,0.0,False
1091.0,alternator_failure,0.0,False
1092.0,alternator_failure,0.0,False
1093.0,alternator_failure,0.0,False
1094.0,alternator_failure,0.0,False
1095.0,alternator_failure,0.0,False
1096.0,alternator_failure,0.0,False
1097.0,alternator_failure,0.0,False
1098.0,alternator_failure,0.0,False
1099.0,alternator_failure,0.0,False
1100.0,alternator_failure,0.0,False
1101.0,alternator_failure,0.0,False
1102.0,alternator_failure,0.0,False
1103.0,alternator_failure,0.0,False
1104.0,alternator_failure,0.0,False
1105.0,alternator_failure,0.0,False
1106.0,alternator_failure,0.0,False
1107.0,alternator_failure,0.0,False
1108.0,alternator_failure,0.0,False
1109.0,alternator_failure,0.0,False
1110.0,alternator_failure,0.0,False
1111.0,alternator_failure,0.0,False
1112.0,alternator_failure,0.0,False
1113.0,alternator_failure,0.0,False
1114.0,alternator_failure,0.0,False
1115.0,alternator_failure,0.0,False
1116.0,alternator_failure,0.0,False
1117.0,alternator_failure,0.0,False
1118.0,alternator_failure,0.0,False
1119.0,alternator_failure,0.0,False
1120.0,alternator_failure,0.0,False
1121.0,alternator_failure,0.0,False
1122.0,alternator_failure,0.0,False
1123.0,alternator_failure,0.0,False
1124.0,alternator_failure,0.0,False
1125.0,alternator_failure,0.0,False
1126.0,alternator_failure,0.0,False
1127.0,alternator_failure,0.0,False
1128.0,alternator_failure,0.0,False
1129.0,alternator_failure,0.0,False
1130.0,alternator_failure,0.0,False
1131.0,alternator_failure,0.0,False
1132.0,alternator_failure,0.0,False
1133.0,alternator_failure,0.0,False
1134.0,alternator_failure,0.0,False
1135.0,alternator_failure,0.0,False
1136.0,alternator_failure,0.0,False
1137.0,alternator_failure,0.0,False
1138.0,alternator_failure,0.0,False
1139.0,alternator_failure,0.0,False
1140.0,alternator_failure,0.0,False
1141.0,alternator_failure,0.0,False
1142.0,alternator_failure,0.0,False
1143.0,alternator_failure,0.0,False
1144.0,alternator_failure,0.0,False
1145.0,alternator_failure,0.0,False
1146.0,alternator_failure,0.0,False
1147.0,alternator_failure,0.0,False
1148.0,alternator_failure,0.0,False
1149.0,alternator_failure,0.0,False
1150.0,alternator_failure,0.0,False
1151.0,alternator_failure,0.0,False
1152.0,alternator_failure,0.0,False
1153.0,alternator_failure,0.0,False
1154.0,alternator_failure,0.0,False
1155.0,alternator_failure,0.0,False
1156.0,alternator_failure,0.0,False
1157.0,alternator_failure,0.0,False
1158.0,alternator_failure,0.0,False
1159.0,alternator_failure,0.0,False
1160.0,alternator_failure,0.0,False
1161.0,alternator_failure,0.0,False
1162.0,alternator_failure,0.0,False
1163.0,alternator_failure,0.0,False
1164.0,alternator_failure,0.0,False
1165.0,alternator_failure,0.0,False
1166.0,alternator_failure,0.0,False
1167.0,alternator_failure,0.0,False
1168.0,alternator_failure,0.0,False
1169.0,alternator_failure,0.0,False
1170.0,alternator_failure,0.0,False
1171.0,alternator_failure,0.0,False
1172.0,alternator_failure,0.0,False
1173.0,alternator_failure,0.0,False
1174.0,alternator_failure,0.0,False
1175.0,alternator_failure,0.0,False
1176.0,alternator_failure,0.0,False
1177.0,alternator_failure,0.0,False
1178.0,alternator_failure,0.0,False
1179.0,alternator_failure,0.0,False
1180.0,alternator_failure,0.0,False
1181.0,alternator_failure,0.0,False
1182.0,alternator_failure,0.0,False
1183.0,alternator_failure,0.0,False
1184.0,alternator_failure,0.0,False
1185.0,alternator_failure,0.0,False
1186.0,alternator_failure,0.0,False
1187.0,alternator_failure,0.0,False
1188.0,alternator_failure,0.0,False
1189.0,alternator_failure,0.0,False
1190.0,alternator_failure,0.0,False
1191.0,alternator_failure,0.0,False
1192.0,alternator_failure,0.0,False
1193.0,alternator_failure,0.0,False
1194.0,alternator_failure,0.0,False
1195.0,alternator_failure,0.0,False
1196.0,alternator_failure,0.0,False
1197.0,alternator_failure,0.0,False
1198.0,alternator_failure,0.0,False
1199.0,alternator_failure,0.0,False
1200.0,alternator_failure,0.0,False
1201.0,alternator_failure,0.0,False
1202.0,alternator_failure,0.0,False
1203.0,alternator_failure,0.0,False
1204.0,alternator_failure,0.0,False
1205.0,alternator_failure,0.0,False
1206.0,alternator_failure,0.0,False
1207.0,alternator_failure,0.0,False
1208.0,alternator_failure,0.0,False
1209.0,alternator_failure,0.0,False
1210.0,alternator_failure,0.0,False
1211.0,alternator_failure,0.0,False
1212.0,alternator_failure,0.0,False
1213.0,alternator_failure,0.0,False
1214.0,alternator_failure,0.0,False
1215.0,alternator_failure,0.0,False
1216.0,alternator_failure,0.0,False
1217.0,alternator_failure,0.0,False
1218.0,alternator_failure,0.0,False
1219.0,alternator_failure,0.0,False
1220.0,alternator_failure,0.0,False
1221.0,alternator_failure,0.0,False
1222.0,alternator_failure,0.0,False
1223.0,alternator_failure,0.0,False
1224.0,alternator_failure,0.0,False
1225.0,alternator_failure,0.0,False
1226.0,alternator_failure,0.0,False
1227.0,alternator_failure,0.0,False
1228.0,alternator_failure,0.0,False
1229.0,alternator_failure,0.0,False
1230.0,alternator_failure,0.0,False
1231.0,alternator_failure,0.0,False
1232.0,alternator_failure,0.0,False
1233.0,alternator_failure,0.0,False
1234.0,alternator_failure,0.0,False
1235.0,alternator_failure,0.0,False
1236.0,alternator_failure,0.0,False
1237.0,alternator_failure,0.0,False
1238.0,alternator_failure,0.0,False
1239.0,alternator_failure,0.0,False
1240.0,alternator_failure,0.0,False
1241.0,alternator_failure,0.0,False
1242.0,alternator_failure,0.0,False
1243.0,alternator_failure,0.0,False
1244.0,alternator_failure,0.0,False
1245.0,alternator_failure,0.0,False
1246.0,alternator_failure,0.0,False
1247.0,alternator_failure,0.0,False
1248.0,alternator_failure,0.0,False
1249.0,alternator_failure,0.0,False
1250.0,alternator_failure,0.0,False
1251.0,alternator_failure,0.0,False
1252.0,alternator_failure,0.0,False
1253.0,alternator_failure,0.0,False
1254.0,alternator_failure,0.0,False
1255.0,alternator_failure,0.0,False
1256.0,alternator_failure,0.0,False
1257.0,alternator_failure,0.0,False
1258.0,alternator_failure,0.0,False
1259.0,alternator_failure,0.0,False
1260.0,alternator_failure,0.0,False
1261.0,alternator_failure,0.0,False
1262.0,alternator_failure,0.0,False
1263.0,alternator_failure,0.0,False
1264.0,alternator_failure,0.0,False
1265.0,alternator_failure,0.0,False
1266.0,alternator_failure,0.0,False
1267.0,alternator_failure,0.0,False
1268.0,alternator_failure,0.0,False
1269.0,alternator_failure,0.0,False
1270.0,alternator_failure,0.0,False
1271.0,alternator_failure,0.0,False
1272.0,alternator_failure,0.0,False
1273.0,alternator_failure,0.0,False
1274.0,alternator_failure,0.0,False
1275.0,alternator_failure,0.0,False
1276.0,alternator_failure,0.0,False
1277.0,alternator_failure,0.0,False
1278.0,alternator_failure,0.0,False
1279.0,alternator_failure,0.0,False
1280.0,alternator_failure,0.0,False
1281.0,alternator_failure,0.0,False
1282.0,alternator_failure,0.0,False
1283.0,alternator_failure,0.0,False
1284.0,alternator_failure,0.0,False
1285.0,alternator_failure,0.0,False
1286.0,alternator_failure,0.0,False
1287.0,alternator_failure,0.0,False
1288.0,alternator_failure,0.0,False
1289.0,alternator_failure,0.0,False
1290.0,alternator_failure,0.0,False
1291.0,alternator_failure,0.0,False
1292.0,alternator_failure,0.0,False
1293.0,alternator_failure,0.0,False
1294.0,alternator_failure,0.0,False
1295.0,alternator_failure,0.0,False
1296.0,alternator_failure,0.0,False
1297.0,alternator_failure,0.0,False
1298.0,alternator_failure,0.0,False
1299.0,alternator_failure,0.0,False
1300.0,alternator_failure,0.0,False
1301.0,alternator_failure,0.0,False
1302.0,alternator_failure,0.0,False
1303.0,alternator_failure,0.0,False
1304.0,alternator_failure,0.0,False
1305.0,alternator_failure,0.0,False
1306.0,alternator_failure,0.0,False
1307.0,alternator_failure,0.0,False
1308.0,alternator_failure,0.0,False
1309.0,alternator_failure,0.0,False
1310.0,alternator_failure,0.0,False
1311.0,alternator_failure,0.0,False
1312.0,alternator_failure,0.0,False
1313.0,alternator_failure,0.0,False
1314.0,alternator_failure,0.0,False
1315.0,alternator_failure,0.0,False
1316.0,alternator_failure,0.0,False
1317.0,alternator_failure,0.0,False
1318.0,alternator_failure,0.0,False
1319.0,alternator_failure,0.0,False
1320.0,alternator_failure,0.0,False
1321.0,alternator_failure,0.0,False
1322.0,alternator_failure,0.0,False
1323.0,alternator_failure,0.0,False
1324.0,alternator_failure,0.0,False
1325.0,alternator_failure,0.0,False
1326.0,alternator_failure,0.0,False
1327.0,alternator_failure,0.0,False
1328.0,alternator_failure,0.0,False
1329.0,alternator_failure,0.0,False
1330.0,alternator_failure,0.0,False
1331.0,alternator_failure,0.0,False
1332.0,alternator_failure,0.0,False
1333.0,alternator_failure,0.0,False
1334.0,alternator_failure,0.0,False
1335.0,alternator_failure,0.0,False
1336.0,alternator_failure,0.0,False
1337.0,alternator_failure,0.0,False
1338.0,alternator_failure,0.0,False
1339.0,alternator_failure,0.0,False
1340.0,alternator_failure,0.0,False
1341.0,alternator_failure,0.0,False
1342.0,alternator_failure,0.0,False
1343.0,alternator_failure,0.0,False
1344.0,alternator_failure,0.0,False
1345.0,alternator_failure,0.0,False
1346.0,alternator_failure,0.0,False
1347.0,alternator_failure,0.0,False
1348.0,alternator_failure,0.0,False
1349.0,alternator_failure,0.0,False
1350.0,alternator_failure,0.0,False
1351.0,alternator_failure,0.0,False
1352.0,alternator_failure,0.0,False
1353.0,alternator_failure,0.0,False
1354.0,alternator_failure,0.0,False
1355.0,alternator_failure,0.0,False
1356.0,alternator_failure,0.0,False
1357.0,alternator_failure,0.0,False
1358.0,alternator_failure,0.0,False
1359.0,alternator_failure,0.0,False
1360.0,alternator_failure,0.0,False
1361.0,alternator_failure,0.0,False
1362.0,alternator_failure,0.0,False
1363.0,alternator_failure,0.0,False
1364.0,alternator_failure,0.0,False
1365.0,alternator_failure,0.0,False
1366.0,alternator_failure,0.0,False
1367.0,alternator_failure,0.0,False
1368.0,alternator_failure,0.0,False
1369.0,alternator_failure,0.0,False
1370.0,alternator_failure,0.0,False
1371.0,alternator_failure,0.0,False
1372.0,alternator_failure,0.0,False
1373.0,alternator_failure,0.0,False
1374.0,alternator_failure,0.0,False
1375.0,alternator_failure,0.0,False
1376.0,alternator_failure,0.0,False
1377.0,alternator_failure,0.0,False
1378.0,alternator_failure,0.0,False
1379.0,alternator_failure,0.0,False
1380.0,alternator_failure,0.0,False
1381.0,alternator_failure,0.0,False
1382.0,alternator_failure,0.0,False
1383.0,alternator_failure,0.0,False
1384.0,alternator_failure,0.0,False
1385.0,alternator_failure,0.0,False
1386.0,alternator_failure,0.0,False
1387.0,alternator_failure,0.0,False
1388.0,alternator_failure,0.0,False
1389.0,alternator_failure,0.0,False
1390.0,alternator_failure,0.0,False
1391.0,alternator_failure,0.0,False
1392.0,alternator_failure,0.0,False
1393.0,alternator_failure,0.0,False
1394.0,alternator_failure,0.0,False
1395.0,alternator_failure,0.0,False
1396.0,alternator_failure,0.0,False
1397.0,alternator_failure,0.0,False
1398.0,alternator_failure,0.0,False
1399.0,alternator_failure,0.0,False
1400.0,alternator_failure,0.0,False
1401.0,alternator_failure,0.0,False
1402.0,alternator_failure,0.0,False
1403.0,alternator_failure,0.0,False
1404.0,alternator_failure,0.0,False
1405.0,alternator_failure,0.0,False
1406.0,alternator_failure,0.0,False
1407.0,alternator_failure,0.0,False
1408.0,alternator_failure,0.0,False
1409.0,alternator_failure,0.0,False
1410.0,alternator_failure,0.0,False
1411.0,alternator_failure,0.0,False
1412.0,alternator_failure,0.0,False
1413.0,alternator_failure,0.0,False
1414.0,alternator_failure,0.0,False
1415.0,alternator_failure,0.0,False
1416.0,alternator_failure,0.0,False
1417.0,alternator_failure,0.0,False
1418.0,alternator_failure,0.0,False
1419.0,alternator_failure,0.0,False
1420.0,alternator_failure,0.0,False
1421.0,alternator_failure,0.0,False
1422.0,alternator_failure,0.0,False
1423.0,alternator_failure,0.0,False
1424.0,alternator_failure,0.0,False
1425.0,alternator_failure,0.0,False
1426.0,alternator_failure,0.0,False
1427.0,alternator_failure,0.0,False
1428.0,alternator_failure,0.0,False
1429.0,alternator_failure,0.0,False
1430.0,alternator_failure,0.0,False
1431.0,alternator_failure,0.0,False
1432.0,alternator_failure,0.0,False
1433.0,alternator_failure,0.0,False
1434.0,alternator_failure,0.0,False
1435.0,alternator_failure,0.0,False
1436.0,alternator_failure,0.0,False
1437.0,alternator_failure,0.0,False
1438.0,alternator_failure,0.0,False
1439.0,alternator_failure,0.0,False
1440.0,alternator_failure,0.0,False
1441.0,alternator_failure,0.0,False
1442.0,alternator_failure,0.0,False
1443.0,alternator_failure,0.0,False
1444.0,alternator_failure,0.0,False
1445.0,alternator_failure,0.0,False
1446.0,alternator_failure,0.0,False
1447.0,alternator_failure,0.0,False
1448.0,alternator_failure,0.0,False
1449.0,alternator_failure,0.0,False
1450.0,alternator_failure,0.0,False
1451.0,alternator_failure,0.0,False
1452.0,alternator_failure,0.0,False
1453.0,alternator_failure,0.0,False
1454.0,alternator_failure,0.0,False
1455.0,alternator_failure,0.0,False
1456.0,alternator_failure,0.0,False
1457.0,alternator_failure,0.0,False
1458.0,alternator_failure,0.0,False
1459.0,alternator_failure,0.0,False
1460.0,alternator_failure,0.0,False
1461.0,alternator_failure,0.0,False
1462.0,alternator_failure,0.0,False
1463.0,alternator_failure,0.0,False
1464.0,alternator_failure,0.0,False
1465.0,alternator_failure,0.0,False
1466.0,alternator_failure,0.0,False
1467.0,alternator_failure,0.0,False
1468.0,alternator_failure,0.0,False
1469.0,alternator_failure,0.0,False
1470.0,alternator_failure,0.0,False
1471.0,alternator_failure,0.0,False
1472.0,alternator_failure,0.0,False
1473.0,alternator_failure,0.0,False
1474.0,alternator_failure,0.0,False
1475.0,alternator_failure,0.0,False
1476.0,alternator_failure,0.0,False
1477.0,alternator_failure,0.0,False
1478.0,alternator_failure,0.0,False
1479.0,alternator_failure,0.0,False
1480.0,alternator_failure,0.0,False
1481.0,alternator_failure,0.0,False
1482.0,alternator_failure,0.0,False
1483.0,alternator_failure,0.0,False
1484.0,alternator_failure,0.0,False
1485.0,alternator_failure,0.0,False
1486.0,alternator_failure,0.0,False
1487.0,alternator_failure,0.0,False
1488.0,alternator_failure,0.0,False
1489.0,alternator_failure,0.0,False
1490.0,alternator_failure,0.0,False
1491.0,alternator_failure,0.0,False
1492.0,alternator_failure,0.0,False
1493.0,alternator_failure,0.0,False
1494.0,alternator_failure,0.0,False
1495.0,alternator_failure,0.0,False
1496.0,alternator_failure,0.0,False
1497.0,alternator_failure,0.0,False
1498.0,alternator_failure,0.0,False
1499.0,alternator_failure,0.0,False
1500.0,alternator_failure,0.0,False
1501.0,alternator_failure,0.0,False
1502.0,alternator_failure,0.0,False
1503.0,alternator_failure,0.0,False
1504.0,alternator_failure,0.0,False
1505.0,alternator_failure,0.0,False
1506.0,alternator_failure,0.0,False
1507.0,alternator_failure,0.0,False
1508.0,alternator_failure,0.0,False
1509.0,alternator_failure,0.0,False
1510.0,alternator_failure,0.0,False
1511.0,alternator_failure,0.0,False
1512.0,alternator_failure,0.0,False
1513.0,alternator_failure,0.0,False
1514.0,alternator_failure,0.0,False
1515.0,alternator_failure,0.0,False
1516.0,alternator_failure,0.0,False
1517.0,alternator_failure,0.0,False
1518.0,alternator_failure,0.0,False
1519.0,alternator_failure,0.0,False
1520.0,alternator_failure,0.0,False
1521.0,alternator_failure,0.0,False
1522.0,alternator_failure,0.0,False
1523.0,alternator_failure,0.0,False
1524.0,alternator_failure,0.0,False
1525.0,alternator_failure,0.0,False
1526.0,alternator_failure,0.0,False
1527.0,alternator_failure,0.0,False
1528.0,alternator_failure,0.0,False
1529.0,alternator_failure,0.0,False
1530.0,alternator_failure,0.0,False
1531.0,alternator_failure,0.0,False
1532.0,alternator_failure,0.0,False
1533.0,alternator_failure,0.0,False
1534.0,alternator_failure,0.0,False
1535.0,alternator_failure,0.0,False
1536.0,alternator_failure,0.0,False
1537.0,alternator_failure,0.0,False
1538.0,alternator_failure,0.0,False
1539.0,alternator_failure,0.0,False
1540.0,alternator_failure,0.0,False
1541.0,alternator_failure,0.0,False
1542.0,alternator_failure,0.0,False
1543.0,alternator_failure,0.0,False
1544.0,alternator_failure,0.0,False
1545.0,alternator_failure,0.0,False
1546.0,alternator_failure,0.0,False
1547.0,alternator_failure,0.0,False
1548.0,alternator_failure,0.0,False
1549.0,alternator_failure,0.0,False
1550.0,alternator_failure,0.0,False
1551.0,alternator_failure,0.0,False
1552.0,alternator_failure,0.0,False
1553.0,alternator_failure,0.0,False
1554.0,alternator_failure,0.0,False
1555.0,alternator_failure,0.0,False
1556.0,alternator_failure,0.0,False
1557.0,alternator_failure,0.0,False
1558.0,alternator_failure,0.0,False
1559.0,alternator_failure,0.0,False
1560.0,alternator_failure,0.0,False
1561.0,alternator_failure,0.0,False
1562.0,alternator_failure,0.0,False
1563.0,alternator_failure,0.0,False
1564.0,alternator_failure,0.0,False
1565.0,alternator_failure,0.0,False
1566.0,alternator_failure,0.0,False
1567.0,alternator_failure,0.0,False
1568.0,alternator_failure,0.0,False
1569.0,alternator_failure,0.0,False
1570.0,alternator_failure,0.0,False
1571.0,alternator_failure,0.0,False
1572.0,alternator_failure,0.0,False
1573.0,alternator_failure,0.0,False
1574.0,alternator_failure,0.0,False
1575.0,alternator_failure,0.0,False
1576.0,alternator_failure,0.0,False
1577.0,alternator_failure,0.0,False
1578.0,alternator_failure,0.0,False
1579.0,alternator_failure,0.0,False
1580.0,alternator_failure,0.0,False
1581.0,alternator_failure,0.0,False
1582.0,alternator_failure,0.0,False
1583.0,alternator_failure,0.0,False
1584.0,alternator_failure,0.0,False
1585.0,alternator_failure,0.0,False
1586.0,alternator_failure,0.0,False
1587.0,alternator_failure,0.0,False
1588.0,alternator_failure,0.0,False
1589.0,alternator_failure,0.0,False
1590.0,alternator_failure,0.0,False
1591.0,alternator_failure,0.0,False
1592.0,alternator_failure,0.0,False
1593.0,alternator_failure,0.0,False
1594.0,alternator_failure,0.0,False
1595.0,alternator_failure,0.0,False
1596.0,alternator_failure,0.0,False
1597.0,alternator_failure,0.0,False
1598.0,alternator_failure,0.0,False
1599.0,alternator_failure,0.0,False
1600.0,alternator_failure,0.0,False
1601.0,alternator_failure,0.0,False
1602.0,alternator_failure,0.0,False
1603.0,alternator_failure,0.0,False
1604.0,alternator_failure,0.0,False
1605.0,alternator_failure,0.0,False
1606.0,alternator_failure,0.0,False
1607.0,alternator_failure,0.0,False
1608.0,alternator_failure,0.0,False
1609.0,alternator_failure,0.0,False
1610.0,alternator_failure,0.0,False
1611.0,alternator_failure,0.0,False
1612.0,alternator_failure,0.0,False
1613.0,alternator_failure,0.0,False
1614.0,alternator_failure,0.0,False
1615.0,alternator_failure,0.0,False
1616.0,alternator_failure,0.0,False
1617.0,alternator_failure,0.0,False
1618.0,alternator_failure,0.0,False
1619.0,alternator_failure,0.0,False
1620.0,alternator_failure,0.0,False
1621.0,alternator_failure,0.0,False
1622.0,alternator_failure,0.0,False
1623.0,alternator_failure,0.0,False
1624.0,alternator_failure,0.0,False
1625.0,alternator_failure,0.0,False
1626.0,alternator_failure,0.0,False
1627.0,alternator_failure,0.0,False
1628.0,alternator_failure,0.0,False
1629.0,alternator_failure,0.0,False
1630.0,alternator_failure,0.0,False
1631.0,alternator_failure,0.0,False
1632.0,alternator_failure,0.0,False
1633.0,alternator_failure,0.0,False
1634.0,alternator_failure,0.0,False
1635.0,alternator_failure,0.0,False
1636.0,alternator_failure,0.0,False
1637.0,alternator_failure,0.0,False
1638.0,alternator_failure,0.0,False
1639.0,alternator_failure,0.0,False
1640.0,alternator_failure,0.0,False
1641.0,alternator_failure,0.0,False
1642.0,alternator_failure,0.0,False
1643.0,alternator_failure,0.0,False
1644.0,alternator_failure,0.0,False
1645.0,alternator_failure,0.0,False
1646.0,alternator_failure,0.0,False
1647.0,alternator_failure,0.0,False
1648.0,alternator_failure,0.0,False
1649.0,alternator_failure,0.0,False
1650.0,alternator_failure,0.0,False
1651.0,alternator_failure,0.0,False
1652.0,alternator_failure,0.0,False
1653.0,alternator_failure,0.0,False
1654.0,alternator_failure,0.0,False
1655.0,alternator_failure,0.0,False
1656.0,alternator_failure,0.0,False
1657.0,alternator_failure,0.0,False
1658.0,alternator_failure,0.0,False
1659.0,alternator_failure,0.0,False
1660.0,alternator_failure,0.0,False
1661.0,alternator_failure,0.0,False
1662.0,alternator_failure,0.0,False
1663.0,alternator_failure,0.0,False
1664.0,alternator_failure,0.0,False
1665.0,alternator_failure,0.0,False
1666.0,alternator_failure,0.0,False
1667.0,alternator_failure,0.0,False
1668.0,alternator_failure,0.0,False
1669.0,alternator_failure,0.0,False
1670.0,alternator_failure,0.0,False
1671.0,alternator_failure,0.0,False
1672.0,alternator_failure,0.0,False
1673.0,alternator_failure,0.0,False
1674.0,alternator_failure,0.0,False
1675.0,alternator_failure,0.0,False
1676.0,alternator_failure,0.0,False
1677.0,alternator_failure,0.0,False
1678.0,alternator_failure,0.0,False
1679.0,alternator_failure,0.0,False
1680.0,alternator_failure,0.0,False
1681.0,alternator_failure,0.0,False
1682.0,alternator_failure,0.0,False
1683.0,alternator_failure,0.0,False
1684.0,alternator_failure,0.0,False
1685.0,alternator_failure,0.0,False
1686.0,alternator_failure,0.0,False
1687.0,alternator_failure,0.0,False
1688.0,alternator_failure,0.0,False
1689.0,alternator_failure,0.0,False
1690.0,alternator_failure,0.0,False
1691.0,alternator_failure,0.0,False
1692.0,alternator_failure,0.0,False
1693.0,alternator_failure,0.0,False
1694.0,alternator_failure,0.0,False
1695.0,alternator_failure,0.0,False
1696.0,alternator_failure,0.0,False
1697.0,alternator_failure,0.0,False
1698.0,alternator_failure,0.0,False
1699.0,alternator_failure,0.0,False
1700.0,alternator_failure,0.0,False
1701.0,alternator_failure,0.0,False
1702.0,alternator_failure,0.0,False
1703.0,alternator_failure,0.0,False
1704.0,alternator_failure,0.0,False
1705.0,alternator_failure,0.0,False
1706.0,alternator_failure,0.0,False
1707.0,alternator_failure,0.0,False
1708.0,alternator_failure,0.0,False
1709.0,alternator_failure,0.0,False
1710.0,alternator_failure,0.0,False
1711.0,alternator_failure,0.0,False
1712.0,alternator_failure,0.0,False
1713.0,alternator_failure,0.0,False
1714.0,alternator_failure,0.0,False
1715.0,alternator_failure,0.0,False
1716.0,alternator_failure,0.0,False
1717.0,alternator_failure,0.0,False
1718.0,alternator_failure,0.0,False
1719.0,alternator_failure,0.0,False
1720.0,alternator_failure,0.0,False
1721.0,alternator_failure,0.0,False
1722.0,alternator_failure,0.0,False
1723.0,alternator_failure,0.0,False
1724.0,alternator_failure,0.0,False
1725.0,alternator_failure,0.0,False
1726.0,alternator_failure,0.0,False
1727.0,alternator_failure,0.0,False
1728.0,alternator_failure,0.0,False
1729.0,alternator_failure,0.0,False
1730.0,alternator_failure,0.0,False
1731.0,alternator_failure,0.0,False
1732.0,alternator_failure,0.0,False
1733.0,alternator_failure,0.0,False
1734.0,alternator_failure,0.0,False
1735.0,alternator_failure,0.0,False
1736.0,alternator_failure,0.0,False
1737.0,alternator_failure,0.0,False
1738.0,alternator_failure,0.0,False
1739.0,alternator_failure,0.0,False
1740.0,alternator_failure,0.0,False
1741.0,alternator_failure,0.0,False
1742.0,alternator_failure,0.0,False
1743.0,alternator_failure,0.0,False
1744.0,alternator_failure,0.0,False
1745.0,alternator_failure,0.0,False
1746.0,alternator_failure,0.0,False
1747.0,alternator_failure,0.0,False
1748.0,alternator_failure,0.0,False
1749.0,alternator_failure,0.0,False
1750.0,alternator_failure,0.0,False
1751.0,alternator_failure,0.0,False
1752.0,alternator_failure,0.0,False
1753.0,alternator_failure,0.0,False
1754.0,alternator_failure,0.0,False
1755.0,alternator_failure,0.0,False
1756.0,alternator_failure,0.0,False
1757.0,alternator_failure,0.0,False
1758.0,alternator_failure,0.0,False
1759.0,alternator_failure,0.0,False
1760.0,alternator_failure,0.0,False
1761.0,alternator_failure,0.0,False
1762.0,alternator_failure,0.0,False
1763.0,alternator_failure,0.0,False
1764.0,alternator_failure,0.0,False
1765.0,alternator_failure,0.0,False
1766.0,alternator_failure,0.0,False
1767.0,alternator_failure,0.0,False
1768.0,alternator_failure,0.0,False
1769.0,alternator_failure,0.0,False
1770.0,alternator_failure,0.0,False
1771.0,alternator_failure,0.0,False
1772.0,alternator_failure,0.0,False
1773.0,alternator_failure,0.0,False
1774.0,alternator_failure,0.0,False
1775.0,alternator_failure,0.0,False
1776.0,alternator_failure,0.0,False
1777.0,alternator_failure,0.0,False
1778.0,alternator_failure,0.0,False
1779.0,alternator_failure,0.0,False
1780.0,alternator_failure,0.0,False
1781.0,alternator_failure,0.0,False
1782.0,alternator_failure,0.0,False
1783.0,alternator_failure,0.0,False
1784.0,alternator_failure,0.0,False
1785.0,alternator_failure,0.0,False
1786.0,alternator_failure,0.0,False
1787.0,alternator_failure,0.0,False
1788.0,alternator_failure,0.0,False
1789.0,alternator_failure,0.0,False
1790.0,alternator_failure,0.0,False
1791.0,alternator_failure,0.0,False
1792.0,alternator_failure,0.0,False
1793.0,alternator_failure,0.0,False
1794.0,alternator_failure,0.0,False
1795.0,alternator_failure,0.0,False
1796.0,alternator_failure,0.0,False
1797.0,alternator_failure,0.0,False
1798.0,alternator_failure,0.0,False
1799.0,alternator_failure,0.0,False
1800.0,alternator_failure,0.0,False
1801.0,alternator_failure,0.0,False
1802.0,alternator_failure,0.0,False
1803.0,alternator_failure,0.0,False
1804.0,alternator_failure,0.0,False
1805.0,alternator_failure,0.0,False
1806.0,alternator_failure,0.0,False
1807.0,alternator_failure,0.0,False
1808.0,alternator_failure,0.0,False
1809.0,alternator_failure,0.0,False
1810.0,alternator_failure,0.0,False
1811.0,alternator_failure,0.0,False
1812.0,alternator_failure,0.0,False
1813.0,alternator_failure,0.0,False
1814.0,alternator_failure,0.0,False
1815.0,alternator_failure,0.0,False
1816.0,alternator_failure,0.0,False
1817.0,alternator_failure,0.0,False
1818.0,alternator_failure,0.0,False
1819.0,alternator_failure,0.0,False
1820.0,alternator_failure,0.0,False
1821.0,alternator_failure,0.0,False
1822.0,alternator_failure,0.0,False
1823.0,alternator_failure,0.0,False
1824.0,alternator_failure,0.0,False
1825.0,alternator_failure,0.0,False
1826.0,alternator_failure,0.0,False
1827.0,alternator_failure,0.0,False
1828.0,alternator_failure,0.0,False
1829.0,alternator_failure,0.0,False
1830.0,alternator_failure,0.0,False
1831.0,alternator_failure,0.0,False
1832.0,alternator_failure,0.0,False
1833.0,alternator_failure,0.0,False
1834.0,alternator_failure,0.0,False
1835.0,alternator_failure,0.0,False
1836.0,alternator_failure,0.0,False
1837.0,alternator_failure,0.0,False
1838.0,alternator_failure,0.0,False
1839.0,alternator_failure,0.0,False
1840.0,alternator_failure,0.0,False
1841.0,alternator_failure,0.0,False
1842.0,alternator_failure,0.0,False
1843.0,alternator_failure,0.0,False
1844.0,alternator_failure,0.0,False
1845.0,alternator_failure,0.0,False
1846.0,alternator_failure,0.0,False
1847.0,alternator_failure,0.0,False
1848.0,alternator_failure,0.0,False
1849.0,alternator_failure,0.0,False
1850.0,alternator_failure,0.0,False
1851.0,alternator_failure,0.0,False
1852.0,alternator_failure,0.0,False
1853.0,alternator_failure,0.0,False
1854.0,alternator_failure,0.0,False
1855.0,alternator_failure,0.0,False
1856.0,alternator_failure,0.0,False
1857.0,alternator_failure,0.0,False
1858.0,alternator_failure,0.0,False
1859.0,alternator_failure,0.0,False
1860.0,alternator_failure,0.0,False
1861.0,alternator_failure,0.0,False
1862.0,alternator_failure,0.0,False
1863.0,alternator_failure,0.0,False
1864.0,alternator_failure,0.0,False
1865.0,alternator_failure,0.0,False
1866.0,alternator_failure,0.0,False
1867.0,alternator_failure,0.0,False
1868.0,alternator_failure,0.0,False
1869.0,alternator_failure,0.0,False
1870.0,alternator_failure,0.0,False
1871.0,alternator_failure,0.0,False
1872.0,alternator_failure,0.0,False
1873.0,alternator_failure,0.0,False
1874.0,alternator_failure,0.0,False
1875.0,alternator_failure,0.0,False
1876.0,alternator_failure,0.0,False
1877.0,alternator_failure,0.0,False
1878.0,alternator_failure,0.0,False
1879.0,alternator_failure,0.0,False
1880.0,alternator_failure,0.0,False
1881.0,alternator_failure,0.0,False
1882.0,alternator_failure,0.0,False
1883.0,alternator_failure,0.0,False
1884.0,alternator_failure,0.0,False
1885.0,alternator_failure,0.0,False
1886.0,alternator_failure,0.0,False
1887.0,alternator_failure,0.0,False
1888.0,alternator_failure,0.0,False
1889.0,alternator_failure,0.0,False
1890.0,alternator_failure,0.0,False
1891.0,alternator_failure,0.0,False
1892.0,alternator_failure,0.0,False
1893.0,alternator_failure,0.0,False
1894.0,alternator_failure,0.0,False
1895.0,alternator_failure,0.0,False
1896.0,alternator_failure,0.0,False
1897.0,alternator_failure,0.0,False
1898.0,alternator_failure,0.0,False
1899.0,alternator_failure,0.0,False
1900.0,alternator_failure,0.0,False
1901.0,alternator_failure,0.0,False
1902.0,alternator_failure,0.0,False
1903.0,alternator_failure,0.0,False
1904.0,alternator_failure,0.0,False
1905.0,alternator_failure,0.0,False
1906.0,alternator_failure,0.0,False
1907.0,alternator_failure,0.0,False
1908.0,alternator_failure,0.0,False
1909.0,alternator_failure,0.0,False
1910.0,alternator_failure,0.0,False
1911.0,alternator_failure,0.0,False
1912.0,alternator_failure,0.0,False
1913.0,alternator_failure,0.0,False
1914.0,alternator_failure,0.0,False
1915.0,alternator_failure,0.0,False
1916.0,alternator_failure,0.0,False
1917.0,alternator_failure,0.0,False
1918.0,alternator_failure,0.0,False
1919.0,alternator_failure,0.0,False
1920.0,alternator_failure,0.0,False
1921.0,alternator_failure,0.0,False
1922.0,alternator_failure,0.0,False
1923.0,alternator_failure,0.0,False
1924.0,alternator_failure,0.0,False
1925.0,alternator_failure,0.0,False
1926.0,alternator_failure,0.0,False
1927.0,alternator_failure,0.0,False
1928.0,alternator_failure,0.0,False
1929.0,alternator_failure,0.0,False
1930.0,alternator_failure,0.0,False
1931.0,alternator_failure,0.0,False
1932.0,alternator_failure,0.0,False
1933.0,alternator_failure,0.0,False
1934.0,alternator_failure,0.0,False
1935.0,alternator_failure,0.0,False
1936.0,alternator_failure,0.0,False
1937.0,alternator_failure,0.0,False
1938.0,alternator_failure,0.0,False
1939.0,alternator_failure,0.0,False
1940.0,alternator_failure,0.0,False
1941.0,alternator_failure,0.0,False
1942.0,alternator_failure,0.0,False
1943.0,alternator_failure,0.0,False
1944.0,alternator_failure,0.0,False
1945.0,alternator_failure,0.0,False
1946.0,alternator_failure,0.0,False
1947.0,alternator_failure,0.0,False
1948.0,alternator_failure,0.0,False
1949.0,alternator_failure,0.0,False
1950.0,alternator_failure,0.0,False
1951.0,alternator_failure,0.0,False
1952.0,alternator_failure,0.0,False
1953.0,alternator_failure,0.0,False
1954.0,alternator_failure,0.0,False
1955.0,alternator_failure,0.0,False
1956.0,alternator_failure,0.0,False
1957.0,alternator_failure,0.0,False
1958.0,alternator_failure,0.0,False
1959.0,alternator_failure,0.0,False
1960.0,alternator_failure,0.0,False
1961.0,alternator_failure,0.0,False
1962.0,alternator_failure,0.0,False
1963.0,alternator_failure,0.0,False
1964.0,alternator_failure,0.0,False
1965.0,alternator_failure,0.0,False
1966.0,alternator_failure,0.0,False
1967.0,alternator_failure,0.0,False
1968.0,alternator_failure,0.0,False
1969.0,alternator_failure,0.0,False
1970.0,alternator_failure,0.0,False
1971.0,alternator_failure,0.0,False
1972.0,alternator_failure,0.0,False
1973.0,alternator_failure,0.0,False
1974.0,alternator_failure,0.0,False
1975.0,alternator_failure,0.0,False
1976.0,alternator_failure,0.0,False
1977.0,alternator_failure,0.0,False
1978.0,alternator_failure,0.0,False
1979.0,alternator_failure,0.0,False
1980.0,alternator_failure,0.0,False
1981.0,alternator_failure,0.0,False
1982.0,alternator_failure,0.0,False
1983.0,alternator_failure,0.0,False
1984.0,alternator_failure,0.0,False
1985.0,alternator_failure,0.0,False
1986.0,alternator_failure,0.0,False
1987.0,alternator_failure,0.0,False
1988.0,alternator_failure,0.0,False
1989.0,alternator_failure,0.0,False
1990.0,alternator_failure,0.0,False
1991.0,alternator_failure,0.0,False
1992.0,alternator_failure,0.0,False
1993.0,alternator_failure,0.0,False
1994.0,alternator_failure,0.0,False
1995.0,alternator_failure,0.0,False
1996.0,alternator_failure,0.0,False
1997.0,alternator_failure,0.0,False
1998.0,alternator_failure,0.0,False
1999.0,alternator_failure,0.0,False
2000.0,alternator_failure,0.0,False
2001.0,alternator_failure,0.0,False
2002.0,alternator_failure,0.0,False
2003.0,alternator_failure,0.0,False
2004.0,alternator_failure,0.0,False
2005.0,alternator_failure,0.0,False
2006.0,alternator_failure,0.0,False
2007.0,alternator_failure,0.0,False
2008.0,alternator_failure,0.0,False
2009.0,alternator_failure,0.0,False
2010.0,alternator_failure,0.0,False
2011.0,alternator_failure,0.0,False
2012.0,alternator_failure,0.0,False
2013.0,alternator_failure,0.0,False
2014.0,alternator_failure,0.0,False
2015.0,alternator_failure,0.0,False
2016.0,alternator_failure,0.0,False
2017.0,alternator_failure,0.0,False
2018.0,alternator_failure,0.0,False
2019.0,alternator_failure,0.0,False
2020.0,alternator_failure,0.0,False
2021.0,alternator_failure,0.0,False
2022.0,alternator_failure,0.0,False
2023.0,alternator_failure,0.0,False
2024.0,alternator_failure,0.0,False
2025.0,alternator_failure,0.0,False
2026.0,alternator_failure,0.0,False
2027.0,alternator_failure,0.0,False
2028.0,alternator_failure,0.0,False
2029.0,alternator_failure,0.0,False
2030.0,alternator_failure,0.0,False
2031.0,alternator_failure,0.0,False
2032.0,alternator_failure,0.0,False
2033.0,alternator_failure,0.0,False
2034.0,alternator_failure,0.0,False
2035.0,alternator_failure,0.0,False
2036.0,alternator_failure,0.0,False
2037.0,alternator_failure,0.0,False
2038.0,alternator_failure,0.0,False
2039.0,alternator_failure,0.0,False
2040.0,alternator_failure,0.0,False
2041.0,alternator_failure,0.0,False
2042.0,alternator_failure,0.0,False
2043.0,alternator_failure,0.0,False
2044.0,alternator_failure,0.0,False
2045.0,alternator_failure,0.0,False
2046.0,alternator_failure,0.0,False
2047.0,alternator_failure,0.0,False
2048.0,alternator_failure,0.0,False
2049.0,alternator_failure,0.0,False
2050.0,alternator_failure,0.0,False
2051.0,alternator_failure,0.0,False
2052.0,alternator_failure,0.0,False
2053.0,alternator_failure,0.0,False
2054.0,alternator_failure,0.0,False
2055.0,alternator_failure,0.0,False
2056.0,alternator_failure,0.0,False
2057.0,alternator_failure,0.0,False
2058.0,alternator_failure,0.0,False
2059.0,alternator_failure,0.0,False
2060.0,alternator_failure,0.0,False
2061.0,alternator_failure,0.0,False
2062.0,alternator_failure,0.0,False
2063.0,alternator_failure,0.0,False
2064.0,alternator_failure,0.0,False
2065.0,alternator_failure,0.0,False
2066.0,alternator_failure,0.0,False
2067.0,alternator_failure,0.0,False
2068.0,alternator_failure,0.0,False
2069.0,alternator_failure,0.0,False
2070.0,alternator_failure,0.0,False
2071.0,alternator_failure,0.0,False
2072.0,alternator_failure,0.0,False
2073.0,alternator_failure,0.0,False
2074.0,alternator_failure,0.0,False
2075.0,alternator_failure,0.0,False
2076.0,alternator_failure,0.0,False
2077.0,alternator_failure,0.0,False
2078.0,alternator_failure,0.0,False
2079.0,alternator_failure,0.0,False
2080.0,alternator_failure,0.0,False
2081.0,alternator_failure,0.0,False
2082.0,alternator_failure,0.0,False
2083.0,alternator_failure,0.0,False
2084.0,alternator_failure,0.0,False
2085.0,alternator_failure,0.0,False
2086.0,alternator_failure,0.0,False
2087.0,alternator_failure,0.0,False
2088.0,alternator_failure,0.0,False
2089.0,alternator_failure,0.0,False
2090.0,alternator_failure,0.0,False
2091.0,alternator_failure,0.0,False
2092.0,alternator_failure,0.0,False
2093.0,alternator_failure,0.0,False
2094.0,alternator_failure,0.0,False
2095.0,alternator_failure,0.0,False
2096.0,alternator_failure,0.0,False
2097.0,alternator_failure,0.0,False
2098.0,alternator_failure,0.0,False
2099.0,alternator_failure,0.0,False
2100.0,alternator_failure,0.0,False
2101.0,alternator_failure,0.0,False
2102.0,alternator_failure,0.0,False
2103.0,alternator_failure,0.0,False
2104.0,alternator_failure,0.0,False
2105.0,alternator_failure,0.0,False
2106.0,alternator_failure,0.0,False
2107.0,alternator_failure,0.0,False
2108.0,alternator_failure,0.0,False
2109.0,alternator_failure,0.0,False
2110.0,alternator_failure,0.0,False
2111.0,alternator_failure,0.0,False
2112.0,alternator_failure,0.0,False
2113.0,alternator_failure,0.0,False
2114.0,alternator_failure,0.0,False
2115.0,alternator_failure,0.0,False
2116.0,alternator_failure,0.0,False
2117.0,alternator_failure,0.0,False
2118.0,alternator_failure,0.0,False
2119.0,alternator_failure,0.0,False
2120.0,alternator_failure,0.0,False
2121.0,alternator_failure,0.0,False
2122.0,alternator_failure,0.0,False
2123.0,alternator_failure,0.0,False
2124.0,alternator_failure,0.0,False
2125.0,alternator_failure,0.0,False
2126.0,alternator_failure,0.0,False
2127.0,alternator_failure,0.0,False
2128.0,alternator_failure,0.0,False
2129.0,alternator_failure,0.0,False
2130.0,alternator_failure,0.0,False
2131.0,alternator_failure,0.0,False
2132.0,alternator_failure,0.0,False
2133.0,alternator_failure,0.0,False
2134.0,alternator_failure,0.0,False
2135.0,alternator_failure,0.0,False
2136.0,alternator_failure,0.0,False
2137.0,alternator_failure,0.0,False
2138.0,alternator_failure,0.0,False
2139.0,alternator_failure,0.0,False
2140.0,alternator_failure,0.0,False
2141.0,alternator_failure,0.0,False
2142.0,alternator_failure,0.0,False
2143.0,alternator_failure,0.0,False
2144.0,alternator_failure,0.0,False
2145.0,alternator_failure,0.0,False
2146.0,alternator_failure,0.0,False
2147.0,alternator_failure,0.0,False
2148.0,alternator_failure,0.0,False
2149.0,alternator_failure,0.0,False
2150.0,alternator_failure,0.0,False
2151.0,alternator_failure,0.0,False
2152.0,alternator_failure,0.0,False
2153.0,alternator_failure,0.0,False
2154.0,alternator_failure,0.0,False
2155.0,alternator_failure,0.0,False
2156.0,alternator_failure,0.0,False
2157.0,alternator_failure,0.0,False
2158.0,alternator_failure,0.0,False
2159.0,alternator_failure,0.0,False
2160.0,alternator_failure,0.0,False
2161.0,alternator_failure,0.0,False
2162.0,alternator_failure,0.0,False
2163.0,alternator_failure,0.0,False
2164.0,alternator_failure,0.0,False
2165.0,alternator_failure,0.0,False
2166.0,alternator_failure,0.0,False
2167.0,alternator_failure,0.0,False
2168.0,alternator_failure,0.0,False
2169.0,alternator_failure,0.0,False
2170.0,alternator_failure,0.0,False
2171.0,alternator_failure,0.0,False
2172.0,alternator_failure,0.0,False
2173.0,alternator_failure,0.0,False
2174.0,alternator_failure,0.0,False
2175.0,alternator_failure,0.0,False
2176.0,alternator_failure,0.0,False
2177.0,alternator_failure,0.0,False
2178.0,alternator_failure,0.0,False
2179.0,alternator_failure,0.0,False
2180.0,alternator_failure,0.0,False
2181.0,alternator_failure,0.0,False
2182.0,alternator_failure,0.0,False
2183.0,alternator_failure,0.0,False
2184.0,alternator_failure,0.0,False
2185.0,alternator_failure,0.0,False
2186.0,alternator_failure,0.0,False
2187.0,alternator_failure,0.0,False
2188.0,alternator_failure,0.0,False
2189.0,alternator_failure,0.0,False
2190.0,alternator_failure,0.0,False
2191.0,alternator_failure,0.0,False
2192.0,alternator_failure,0.0,False
2193.0,alternator_failure,0.0,False
2194.0,alternator_failure,0.0,False
2195.0,alternator_failure,0.0,False
2196.0,alternator_failure,0.0,False
2197.0,alternator_failure,0.0,False
2198.0,alternator_failure,0.0,False
2199.0,alternator_failure,0.0,False
2200.0,alternator_failure,0.0,False
2201.0,alternator_failure,0.0,False
2202.0,alternator_failure,0.0,False
2203.0,alternator_failure,0.0,False
2204.0,alternator_failure,0.0,False
2205.0,alternator_failure,0.0,False
2206.0,alternator_failure,0.0,False
2207.0,alternator_failure,0.0,False
2208.0,alternator_failure,0.0,False
2209.0,alternator_failure,0.0,False
2210.0,alternator_failure,0.0,False
2211.0,alternator_failure,0.0,False
2212.0,alternator_failure,0.0,False
2213.0,alternator_failure,0.0,False
2214.0,alternator_failure,0.0,False
2215.0,alternator_failure,0.0,False
2216.0,alternator_failure,0.0,False
2217.0,alternator_failure,0.0,False
2218.0,alternator_failure,0.0,False
2219.0,alternator_failure,0.0,False
2220.0,alternator_failure,0.0,False
2221.0,alternator_failure,0.0,False
2222.0,alternator_failure,0.0,False
2223.0,alternator_failure,0.0,False
2224.0,alternator_failure,0.0,False
2225.0,alternator_failure,0.0,False
2226.0,alternator_failure,0.0,False
2227.0,alternator_failure,0.0,False
2228.0,alternator_failure,0.0,False
2229.0,alternator_failure,0.0,False
2230.0,alternator_failure,0.0,False
2231.0,alternator_failure,0.0,False
2232.0,alternator_failure,0.0,False
2233.0,alternator_failure,0.0,False
2234.0,alternator_failure,0.0,False
2235.0,alternator_failure,0.0,False
2236.0,alternator_failure,0.0,False
2237.0,alternator_failure,0.0,False
2238.0,alternator_failure,0.0,False
2239.0,alternator_failure,0.0,False
2240.0,alternator_failure,0.0,False
2241.0,alternator_failure,0.0,False
2242.0,alternator_failure,0.0,False
2243.0,alternator_failure,0.0,False
2244.0,alternator_failure,0.0,False
2245.0,alternator_failure,0.0,False
2246.0,alternator_failure,0.0,False
2247.0,alternator_failure,0.0,False
2248.0,alternator_failure,0.0,False
2249.0,alternator_failure,0.0,False
2250.0,alternator_failure,0.0,False
2251.0,alternator_failure,0.0,False
2252.0,alternator_failure,0.0,False
2253.0,alternator_failure,0.0,False
2254.0,alternator_failure,0.0,False
2255.0,alternator_failure,0.0,False
2256.0,alternator_failure,0.0,False
2257.0,alternator_failure,0.0,False
2258.0,alternator_failure,0.0,False
2259.0,alternator_failure,0.0,False
2260.0,alternator_failure,0.0,False
2261.0,alternator_failure,0.0,False
2262.0,alternator_failure,0.0,False
2263.0,alternator_failure,0.0,False
2264.0,alternator_failure,0.0,False
2265.0,alternator_failure,0.0,False
2266.0,alternator_failure,0.0,False
2267.0,alternator_failure,0.0,False
2268.0,alternator_failure,0.0,False
2269.0,alternator_failure,0.0,False
2270.0,alternator_failure,0.0,False
2271.0,alternator_failure,0.0,False
2272.0,alternator_failure,0.0,False
2273.0,alternator_failure,0.0,False
2274.0,alternator_failure,0.0,False
2275.0,alternator_failure,0.0,False
2276.0,alternator_failure,0.0,False
2277.0,alternator_failure,0.0,False
2278.0,alternator_failure,0.0,False
2279.0,alternator_failure,0.0,False
2280.0,alternator_failure,0.0,False
2281.0,alternator_failure,0.0,False
2282.0,alternator_failure,0.0,False
2283.0,alternator_failure,0.0,False
2284.0,alternator_failure,0.0,False
2285.0,alternator_failure,0.0,False
2286.0,alternator_failure,0.0,False
2287.0,alternator_failure,0.0,False
2288.0,alternator_failure,0.0,False
2289.0,alternator_failure,0.0,False
2290.0,alternator_failure,0.0,False
2291.0,alternator_failure,0.0,False
2292.0,alternator_failure,0.0,False
2293.0,alternator_failure,0.0,False
2294.0,alternator_failure,0.0,False
2295.0,alternator_failure,0.0,False
2296.0,alternator_failure,0.0,False
2297.0,alternator_failure,0.0,False
2298.0,alternator_failure,0.0,False
2299.0,alternator_failure,0.0,False
2300.0,alternator_failure,0.0,False
2301.0,alternator_failure,0.0,False
2302.0,alternator_failure,0.0,False
2303.0,alternator_failure,0.0,False
2304.0,alternator_failure,0.0,False
2305.0,alternator_failure,0.0,False
2306.0,alternator_failure,0.0,False
2307.0,alternator_failure,0.0,False
2308.0,alternator_failure,0.0,False
2309.0,alternator_failure,0.0,False
2310.0,alternator_failure,0.0,False
2311.0,alternator_failure,0.0,False
2312.0,alternator_failure,0.0,False
2313.0,alternator_failure,0.0,False
2314.0,alternator_failure,0.0,False
2315.0,alternator_failure,0.0,False
2316.0,alternator_failure,0.0,False
2317.0,alternator_failure,0.0,False
2318.0,alternator_failure,0.0,False
2319.0,alternator_failure,0.0,False
2320.0,alternator_failure,0.0,False
2321.0,alternator_failure,0.0,False
2322.0,alternator_failure,0.0,False
2323.0,alternator_failure,0.0,False
2324.0,alternator_failure,0.0,False
2325.0,alternator_failure,0.0,False
2326.0,alternator_failure,0.0,False
2327.0,alternator_failure,0.0,False
2328.0,alternator_failure,0.0,False
2329.0,alternator_failure,0.0,False
2330.0,alternator_failure,0.0,False
2331.0,alternator_failure,0.0,False
2332.0,alternator_failure,0.0,False
2333.0,alternator_failure,0.0,False
2334.0,alternator_failure,0.0,False
2335.0,alternator_failure,0.0,False
2336.0,alternator_failure,0.0,False
2337.0,alternator_failure,0.0,False
2338.0,alternator_failure,0.0,False
2339.0,alternator_failure,0.0,False
2340.0,alternator_failure,0.0,False
2341.0,alternator_failure,0.0,False
2342.0,alternator_failure,0.0,False
2343.0,alternator_failure,0.0,False
2344.0,alternator_failure,0.0,False
2345.0,alternator_failure,0.0,False
2346.0,alternator_failure,0.0,False
2347.0,alternator_failure,0.0,False
2348.0,alternator_failure,0.0,False
2349.0,alternator_failure,0.0,False
2350.0,alternator_failure,0.0,False
2351.0,alternator_failure,0.0,False
2352.0,alternator_failure,0.0,False
2353.0,alternator_failure,0.0,False
2354.0,alternator_failure,0.0,False
2355.0,alternator_failure,0.0,False
2356.0,alternator_failure,0.0,False
2357.0,alternator_failure,0.0,False
2358.0,alternator_failure,0.0,False
2359.0,alternator_failure,0.0,False
2360.0,alternator_failure,0.0,False
2361.0,alternator_failure,0.0,False
2362.0,alternator_failure,0.0,False
2363.0,alternator_failure,0.0,False
2364.0,alternator_failure,0.0,False
2365.0,alternator_failure,0.0,False
2366.0,alternator_failure,0.0,False
2367.0,alternator_failure,0.0,False
2368.0,alternator_failure,0.0,False
2369.0,alternator_failure,0.0,False
2370.0,alternator_failure,0.0,False
2371.0,alternator_failure,0.0,False
2372.0,alternator_failure,0.0,False
2373.0,alternator_failure,0.0,False
2374.0,alternator_failure,0.0,False
2375.0,alternator_failure,0.0,False
2376.0,alternator_failure,0.0,False
2377.0,alternator_failure,0.0,False
2378.0,alternator_failure,0.0,False
2379.0,alternator_failure,0.0,False
2380.0,alternator_failure,0.0,False
2381.0,alternator_failure,0.0,False
2382.0,alternator_failure,0.0,False
2383.0,alternator_failure,0.0,False
2384.0,alternator_failure,0.0,False
2385.0,alternator_failure,0.0,False
2386.0,alternator_failure,0.0,False
2387.0,alternator_failure,0.0,False
2388.0,alternator_failure,0.0,False
2389.0,alternator_failure,0.0,False
2390.0,alternator_failure,0.0,False
2391.0,alternator_failure,0.0,False
2392.0,alternator_failure,0.0,False
2393.0,alternator_failure,0.0,False
2394.0,alternator_failure,0.0,False
2395.0,alternator_failure,0.0,False
2396.0,alternator_failure,0.0,False
2397.0,alternator_failure,0.0,False
2398.0,alternator_failure,0.0,False
2399.0,alternator_failure,0.0,False
2400.0,alternator_failure,0.0,False
2401.0,alternator_failure,0.0,False
2402.0,alternator_failure,0.0,False
2403.0,alternator_failure,0.0,False
2404.0,alternator_failure,0.0,False
2405.0,alternator_failure,0.0,False
2406.0,alternator_failure,0.0,False
2407.0,alternator_failure,0.0,False
2408.0,alternator_failure,0.0,False
2409.0,alternator_failure,0.0,False
2410.0,alternator_failure,0.0,False
2411.0,alternator_failure,0.0,False
2412.0,alternator_failure,0.0,False
2413.0,alternator_failure,0.0,False
2414.0,alternator_failure,0.0,False
2415.0,alternator_failure,0.0,False
2416.0,alternator_failure,0.0,False
2417.0,alternator_failure,0.0,False
2418.0,alternator_failure,0.0,False
2419.0,alternator_failure,0.0,False
2420.0,alternator_failure,0.0,False
2421.0,alternator_failure,0.0,False
2422.0,alternator_failure,0.0,False
2423.0,alternator_failure,0.0,False
2424.0,alternator_failure,0.0,False
2425.0,alternator_failure,0.0,False
2426.0,alternator_failure,0.0,False
2427.0,alternator_failure,0.0,False
2428.0,alternator_failure,0.0,False
2429.0,alternator_failure,0.0,False
2430.0,alternator_failure,0.0,False
2431.0,alternator_failure,0.0,False
2432.0,alternator_failure,0.0,False
2433.0,alternator_failure,0.0,False
2434.0,alternator_failure,0.0,False
2435.0,alternator_failure,0.0,False
2436.0,alternator_failure,0.0,False
2437.0,alternator_failure,0.0,False
2438.0,alternator_failure,0.0,False
2439.0,alternator_failure,0.0,False
2440.0,alternator_failure,0.0,False
2441.0,alternator_failure,0.0,False
2442.0,alternator_failure,0.0,False
2443.0,alternator_failure,0.0,False
2444.0,alternator_failure,0.0,False
2445.0,alternator_failure,0.0,False
2446.0,alternator_failure,0.0,False
2447.0,alternator_failure,0.0,False
2448.0,alternator_failure,0.0,False
2449.0,alternator_failure,0.0,False
2450.0,alternator_failure,0.0,False
2451.0,alternator_failure,0.0,False
2452.0,alternator_failure,0.0,False
2453.0,alternator_failure,0.0,False
2454.0,alternator_failure,0.0,False
2455.0,alternator_failure,0.0,False
2456.0,alternator_failure,0.0,False
2457.0,alternator_failure,0.0,False
2458.0,alternator_failure,0.0,False
2459.0,alternator_failure,0.0,False
2460.0,alternator_failure,0.0,False
2461.0,alternator_failure,0.0,False
2462.0,alternator_failure,0.0,False
2463.0,alternator_failure,0.0,False
2464.0,alternator_failure,0.0,False
2465.0,alternator_failure,0.0,False
2466.0,alternator_failure,0.0,False
2467.0,alternator_failure,0.0,False
2468.0,alternator_failure,0.0,False
2469.0,alternator_failure,0.0,False
2470.0,alternator_failure,0.0,False
2471.0,alternator_failure,0.0,False
2472.0,alternator_failure,0.0,False
2473.0,alternator_failure,0.0,False
2474.0,alternator_failure,0.0,False
2475.0,alternator_failure,0.0,False
2476.0,alternator_failure,0.0,False
2477.0,alternator_failure,0.0,False
2478.0,alternator_failure,0.0,False
2479.0,alternator_failure,0.0,False
2480.0,alternator_failure,0.0,False
2481.0,alternator_failure,0.0,False
2482.0,alternator_failure,0.0,False
2483.0,alternator_failure,0.0,False
2484.0,alternator_failure,0.0,False
2485.0,alternator_failure,0.0,False
2486.0,alternator_failure,0.0,False
2487.0,alternator_failure,0.0,False
2488.0,alternator_failure,0.0,False
2489.0,alternator_failure,0.0,False
2490.0,alternator_failure,0.0,False
2491.0,alternator_failure,0.0,False
2492.0,alternator_failure,0.0,False
2493.0,alternator_failure,0.0,False
2494.0,alternator_failure,0.0,False
2495.0,alternator_failure,0.0,False
2496.0,alternator_failure,0.0,False
2497.0,alternator_failure,0.0,False
2498.0,alternator_failure,0.0,False
2499.0,alternator_failure,0.0,False
2500.0,alternator_failure,0.0,False
2501.0,alternator_failure,0.0,False
2502.0,alternator_failure,0.0,False
2503.0,alternator_failure,0.0,False
2504.0,alternator_failure,0.0,False
2505.0,alternator_failure,0.0,False
2506.0,alternator_failure,0.0,False
2507.0,alternator_failure,0.0,False
2508.0,alternator_failure,0.0,False
2509.0,alternator_failure,0.0,False
2510.0,alternator_failure,0.0,False
2511.0,alternator_failure,0.0,False
2512.0,alternator_failure,0.0,False
2513.0,alternator_failure,0.0,False
2514.0,alternator_failure,0.0,False
2515.0,alternator_failure,0.0,False
2516.0,alternator_failure,0.0,False
2517.0,alternator_failure,0.0,False
2518.0,alternator_failure,0.0,False
2519.0,alternator_failure,0.0,False
2520.0,alternator_failure,0.0,False
2521.0,alternator_failure,0.0,False
2522.0,alternator_failure,0.0,False
2523.0,alternator_failure,0.0,False
2524.0,alternator_failure,0.0,False
2525.0,alternator_failure,0.0,False
2526.0,alternator_failure,0.0,False
2527.0,alternator_failure,0.0,False
2528.0,alternator_failure,0.0,False
2529.0,alternator_failure,0.0,False
2530.0,alternator_failure,0.0,False
2531.0,alternator_failure,0.0,False
2532.0,alternator_failure,0.0,False
2533.0,alternator_failure,0.0,False
2534.0,alternator_failure,0.0,False
2535.0,alternator_failure,0.0,False
2536.0,alternator_failure,0.0,False
2537.0,alternator_failure,0.0,False
2538.0,alternator_failure,0.0,False
2539.0,alternator_failure,0.0,False
2540.0,alternator_failure,0.0,False
2541.0,alternator_failure,0.0,False
2542.0,alternator_failure,0.0,False
2543.0,alternator_failure,0.0,False
2544.0,alternator_failure,0.0,False
2545.0,alternator_failure,0.0,False
2546.0,alternator_failure,0.0,False
2547.0,alternator_failure,0.0,False
2548.0,alternator_failure,0.0,False
2549.0,alternator_failure,0.0,False
2550.0,alternator_failure,0.0,False
2551.0,alternator_failure,0.0,False
2552.0,alternator_failure,0.0,False
2553.0,alternator_failure,0.0,False
2554.0,alternator_failure,0.0,False
2555.0,alternator_failure,0.0,False
2556.0,alternator_failure,0.0,False
2557.0,alternator_failure,0.0,False
2558.0,alternator_failure,0.0,False
2559.0,alternator_failure,0.0,False
2560.0,alternator_failure,0.0,False
2561.0,alternator_failure,0.0,False
2562.0,alternator_failure,0.0,False
2563.0,alternator_failure,0.0,False
2564.0,alternator_failure,0.0,False
2565.0,alternator_failure,0.0,False
2566.0,alternator_failure,0.0,False
2567.0,alternator_failure,0.0,False
2568.0,alternator_failure,0.0,False
2569.0,alternator_failure,0.0,False
2570.0,alternator_failure,0.0,False
2571.0,alternator_failure,0.0,False
2572.0,alternator_failure,0.0,False
2573.0,alternator_failure,0.0,False
2574.0,alternator_failure,0.0,False
2575.0,alternator_failure,0.0,False
2576.0,alternator_failure,0.0,False
2577.0,alternator_failure,0.0,False
2578.0,alternator_failure,0.0,False
2579.0,alternator_failure,0.0,False
2580.0,alternator_failure,0.0,False
2581.0,alternator_failure,0.0,False
2582.0,alternator_failure,0.0,False
2583.0,alternator_failure,0.0,False
2584.0,alternator_failure,0.0,False
2585.0,alternator_failure,0.0,False
2586.0,alternator_failure,0.0,False
2587.0,alternator_failure,0.0,False
2588.0,alternator_failure,0.0,False
2589.0,alternator_failure,0.0,False
2590.0,alternator_failure,0.0,False
2591.0,alternator_failure,0.0,False
2592.0,alternator_failure,0.0,False
2593.0,alternator_failure,0.0,False
2594.0,alternator_failure,0.0,False
2595.0,alternator_failure,0.0,False
2596.0,alternator_failure,0.0,False
2597.0,alternator_failure,0.0,False
2598.0,alternator_failure,0.0,False
2599.0,alternator_failure,0.0,False
2600.0,alternator_failure,0.0,False
2601.0,alternator_failure,0.0,False
2602.0,alternator_failure,0.0,False
2603.0,alternator_failure,0.0,False
2604.0,alternator_failure,0.0,False
2605.0,alternator_failure,0.0,False
2606.0,alternator_failure,0.0,False
2607.0,alternator_failure,0.0,False
2608.0,alternator_failure,0.0,False
2609.0,alternator_failure,0.0,False
2610.0,alternator_failure,0.0,False
2611.0,alternator_failure,0.0,False
2612.0,alternator_failure,0.0,False
2613.0,alternator_failure,0.0,False
2614.0,alternator_failure,0.0,False
2615.0,alternator_failure,0.0,False
2616.0,alternator_failure,0.0,False
2617.0,alternator_failure,0.0,False
2618.0,alternator_failure,0.0,False
2619.0,alternator_failure,0.0,False
2620.0,alternator_failure,0.0,False
2621.0,alternator_failure,0.0,False
2622.0,alternator_failure,0.0,False
2623.0,alternator_failure,0.0,False
2624.0,alternator_failure,0.0,False
2625.0,alternator_failure,0.0,False
2626.0,alternator_failure,0.0,False
2627.0,alternator_failure,0.0,False
2628.0,alternator_failure,0.0,False
2629.0,alternator_failure,0.0,False
2630.0,alternator_failure,0.0,False
2631.0,alternator_failure,0.0,False
2632.0,alternator_failure,0.0,False
2633.0,alternator_failure,0.0,False
2634.0,alternator_failure,0.0,False
2635.0,alternator_failure,0.0,False
2636.0,alternator_failure,0.0,False
2637.0,alternator_failure,0.0,False
2638.0,alternator_failure,0.0,False
2639.0,alternator_failure,0.0,False
2640.0,alternator_failure,0.0,False
2641.0,alternator_failure,0.0,False
2642.0,alternator_failure,0.0,False
2643.0,alternator_failure,0.0,False
2644.0,alternator_failure,0.0,False
2645.0,alternator_failure,0.0,False
2646.0,alternator_failure,0.0,False
2647.0,alternator_failure,0.0,False
2648.0,alternator_failure,0.0,False
2649.0,alternator_failure,0.0,False
2650.0,alternator_failure,0.0,False
2651.0,alternator_failure,0.0,False
2652.0,alternator_failure,0.0,False
2653.0,alternator_failure,0.0,False
2654.0,alternator_failure,0.0,False
2655.0,alternator_failure,0.0,False
2656.0,alternator_failure,0.0,False
2657.0,alternator_failure,0.0,False
2658.0,alternator_failure,0.0,False
2659.0,alternator_failure,0.0,False
2660.0,alternator_failure,0.0,False
2661.0,alternator_failure,0.0,False
2662.0,alternator_failure,0.0,False
2663.0,alternator_failure,0.0,False
2664.0,alternator_failure,0.0,False
2665.0,alternator_failure,0.0,False
2666.0,alternator_failure,0.0,False
2667.0,alternator_failure,0.0,False
2668.0,alternator_failure,0.0,False
2669.0,alternator_failure,0.0,False
2670.0,alternator_failure,0.0,False
2671.0,alternator_failure,0.0,False
2672.0,alternator_failure,0.0,False
2673.0,alternator_failure,0.0,False
2674.0,alternator_failure,0.0,False
2675.0,alternator_failure,0.0,False
2676.0,alternator_failure,0.0,False
2677.0,alternator_failure,0.0,False
2678.0,alternator_failure,0.0,False
2679.0,alternator_failure,0.0,False
2680.0,alternator_failure,0.0,False
2681.0,alternator_failure,0.0,False
2682.0,alternator_failure,0.0,False
2683.0,alternator_failure,0.0,False
2684.0,alternator_failure,0.0,False
2685.0,alternator_failure,0.0,False
2686.0,alternator_failure,0.0,False
2687.0,alternator_failure,0.0,False
2688.0,alternator_failure,0.0,False
2689.0,alternator_failure,0.0,False
2690.0,alternator_failure,0.0,False
2691.0,alternator_failure,0.0,False
2692.0,alternator_failure,0.0,False
2693.0,alternator_failure,0.0,False
2694.0,alternator_failure,0.0,False
2695.0,alternator_failure,0.0,False
2696.0,alternator_failure,0.0,False
2697.0,alternator_failure,0.0,False
2698.0,alternator_failure,0.0,False
2699.0,alternator_failure,0.0,False
2700.0,alternator_failure,0.0,False
2701.0,alternator_failure,0.0,False
2702.0,alternator_failure,0.0,False
2703.0,alternator_failure,0.0,False
2704.0,alternator_failure,0.0,False
2705.0,alternator_failure,0.0,False
2706.0,alternator_failure,0.0,False
2707.0,alternator_failure,0.0,False
2708.0,alternator_failure,0.0,False
2709.0,alternator_failure,0.0,False
2710.0,alternator_failure,0.0,False
2711.0,alternator_failure,0.0,False
2712.0,alternator_failure,0.0,False
2713.0,alternator_failure,0.0,False
2714.0,alternator_failure,0.0,False
2715.0,alternator_failure,0.0,False
2716.0,alternator_failure,0.0,False
2717.0,alternator_failure,0.0,False
2718.0,alternator_failure,0.0,False
2719.0,alternator_failure,0.0,False
2720.0,alternator_failure,0.0,False
2721.0,alternator_failure,0.0,False
2722.0,alternator_failure,0.0,False
2723.0,alternator_failure,0.0,False
2724.0,alternator_failure,0.0,False
2725.0,alternator_failure,0.0,False
2726.0,alternator_failure,0.0,False
2727.0,alternator_failure,0.0,False
2728.0,alternator_failure,0.0,False
2729.0,alternator_failure,0.0,False
2730.0,alternator_failure,0.0,False
2731.0,alternator_failure,0.0,False
2732.0,alternator_failure,0.0,False
2733.0,alternator_failure,0.0,False
2734.0,alternator_failure,0.0,False
2735.0,alternator_failure,0.0,False
2736.0,alternator_failure,0.0,False
2737.0,alternator_failure,0.0,False
2738.0,alternator_failure,0.0,False
2739.0,alternator_failure,0.0,False
2740.0,alternator_failure,0.0,False
2741.0,alternator_failure,0.0,False
2742.0,alternator_failure,0.0,False
2743.0,alternator_failure,0.0,False
2744.0,alternator_failure,0.0,False
2745.0,alternator_failure,0.0,False
2746.0,alternator_failure,0.0,False
2747.0,alternator_failure,0.0,False
2748.0,alternator_failure,0.0,False
2749.0,alternator_failure,0.0,False
2750.0,alternator_failure,0.0,False
2751.0,alternator_failure,0.0,False
2752.0,alternator_failure,0.0,False
2753.0,alternator_failure,0.0,False
2754.0,alternator_failure,0.0,False
2755.0,alternator_failure,0.0,False
2756.0,alternator_failure,0.0,False
2757.0,alternator_failure,0.0,False
2758.0,alternator_failure,0.0,False
2759.0,alternator_failure,0.0,False
2760.0,alternator_failure,0.0,False
2761.0,alternator_failure,0.0,False
2762.0,alternator_failure,0.0,False
2763.0,alternator_failure,0.0,False
2764.0,alternator_failure,0.0,False
2765.0,alternator_failure,0.0,False
2766.0,alternator_failure,0.0,False
2767.0,alternator_failure,0.0,False
2768.0,alternator_failure,0.0,False
2769.0,alternator_failure,0.0,False
2770.0,alternator_failure,0.0,False
2771.0,alternator_failure,0.0,False
2772.0,alternator_failure,0.0,False
2773.0,alternator_failure,0.0,False
2774.0,alternator_failure,0.0,False
2775.0,alternator_failure,0.0,False
2776.0,alternator_failure,0.0,False
2777.0,alternator_failure,0.0,False
2778.0,alternator_failure,0.0,False
2779.0,alternator_failure,0.0,False
2780.0,alternator_failure,0.0,False
2781.0,alternator_failure,0.0,False
2782.0,alternator_failure,0.0,False
2783.0,alternator_failure,0.0,False
2784.0,alternator_failure,0.0,False
2785.0,alternator_failure,0.0,False
2786.0,alternator_failure,0.0,False
2787.0,alternator_failure,0.0,False
2788.0,alternator_failure,0.0,False
2789.0,alternator_failure,0.0,False
2790.0,alternator_failure,0.0,False
2791.0,alternator_failure,0.0,False
2792.0,alternator_failure,0.0,False
2793.0,alternator_failure,0.0,False
2794.0,alternator_failure,0.0,False
2795.0,alternator_failure,0.0,False
2796.0,alternator_failure,0.0,False
2797.0,alternator_failure,0.0,False
2798.0,alternator_failure,0.0,False
2799.0,alternator_failure,0.0,False
2800.0,alternator_failure,0.0,False
2801.0,alternator_failure,0.0,False
2802.0,alternator_failure,0.0,False
2803.0,alternator_failure,0.0,False
2804.0,alternator_failure,0.0,False
2805.0,alternator_failure,0.0,False
2806.0,alternator_failure,0.0,False
2807.0,alternator_failure,0.0,False
2808.0,alternator_failure,0.0,False
2809.0,alternator_failure,0.0,False
2810.0,alternator_failure,0.0,False
2811.0,alternator_failure,0.0,False
2812.0,alternator_failure,0.0,False
2813.0,alternator_failure,0.0,False
2814.0,alternator_failure,0.0,False
2815.0,alternator_failure,0.0,False
2816.0,alternator_failure,0.0,False
2817.0,alternator_failure,0.0,False
2818.0,alternator_failure,0.0,False
2819.0,alternator_failure,0.0,False
2820.0,alternator_failure,0.0,False
2821.0,alternator_failure,0.0,False
2822.0,alternator_failure,0.0,False
2823.0,alternator_failure,0.0,False
2824.0,alternator_failure,0.0,False
2825.0,alternator_failure,0.0,False
2826.0,alternator_failure,0.0,False
2827.0,alternator_failure,0.0,False
2828.0,alternator_failure,0.0,False
2829.0,alternator_failure,0.0,False
2830.0,alternator_failure,0.0,False
2831.0,alternator_failure,0.0,False
2832.0,alternator_failure,0.0,False
2833.0,alternator_failure,0.0,False
2834.0,alternator_failure,0.0,False
2835.0,alternator_failure,0.0,False
2836.0,alternator_failure,0.0,False
2837.0,alternator_failure,0.0,False
2838.0,alternator_failure,0.0,False
2839.0,alternator_failure,0.0,False
2840.0,alternator_failure,0.0,False
2841.0,alternator_failure,0.0,False
2842.0,alternator_failure,0.0,False
2843.0,alternator_failure,0.0,False
2844.0,alternator_failure,0.0,False
2845.0,alternator_failure,0.0,False
2846.0,alternator_failure,0.0,False
2847.0,alternator_failure,0.0,False
2848.0,alternator_failure,0.0,False
2849.0,alternator_failure,0.0,False
2850.0,alternator_failure,0.0,False
2851.0,alternator_failure,0.0,False
2852.0,alternator_failure,0.0,False
2853.0,alternator_failure,0.0,False
2854.0,alternator_failure,0.0,False
2855.0,alternator_failure,0.0,False
2856.0,alternator_failure,0.0,False
2857.0,alternator_failure,0.0,False
2858.0,alternator_failure,0.0,False
2859.0,alternator_failure,0.0,False
2860.0,alternator_failure,0.0,False
2861.0,alternator_failure,0.0,False
2862.0,alternator_failure,0.0,False
2863.0,alternator_failure,0.0,False
2864.0,alternator_failure,0.0,False
2865.0,alternator_failure,0.0,False
2866.0,alternator_failure,0.0,False
2867.0,alternator_failure,0.0,False
2868.0,alternator_failure,0.0,False
2869.0,alternator_failure,0.0,False
2870.0,alternator_failure,0.0,False
2871.0,alternator_failure,0.0,False
2872.0,alternator_failure,0.0,False
2873.0,alternator_failure,0.0,False
2874.0,alternator_failure,0.0,False
2875.0,alternator_failure,0.0,False
2876.0,alternator_failure,0.0,False
2877.0,alternator_failure,0.0,False
2878.0,alternator_failure,0.0,False
2879.0,alternator_failure,0.0,False
2880.0,alternator_failure,0.0,False
2881.0,alternator_failure,0.0,False
2882.0,alternator_failure,0.0,False
2883.0,alternator_failure,0.0,False
2884.0,alternator_failure,0.0,False
2885.0,alternator_failure,0.0,False
2886.0,alternator_failure,0.0,False
2887.0,alternator_failure,0.0,False
2888.0,alternator_failure,0.0,False
2889.0,alternator_failure,0.0,False
2890.0,alternator_failure,0.0,False
2891.0,alternator_failure,0.0,False
2892.0,alternator_failure,0.0,False
2893.0,alternator_failure,0.0,False
2894.0,alternator_failure,0.0,False
2895.0,alternator_failure,0.0,False
2896.0,alternator_failure,0.0,False
2897.0,alternator_failure,0.0,False
2898.0,alternator_failure,0.0,False
2899.0,alternator_failure,0.0,False
2900.0,alternator_failure,0.0,False
2901.0,alternator_failure,0.0,False
2902.0,alternator_failure,0.0,False
2903.0,alternator_failure,0.0,False
2904.0,alternator_failure,0.0,False
2905.0,alternator_failure,0.0,False
2906.0,alternator_failure,0.0,False
2907.0,alternator_failure,0.0,False
2908.0,alternator_failure,0.0,False
2909.0,alternator_failure,0.0,False
2910.0,alternator_failure,0.0,False
2911.0,alternator_failure,0.0,False
2912.0,alternator_failure,0.0,False
2913.0,alternator_failure,0.0,False
2914.0,alternator_failure,0.0,False
2915.0,alternator_failure,0.0,False
2916.0,alternator_failure,0.0,False
2917.0,alternator_failure,0.0,False
2918.0,alternator_failure,0.0,False
2919.0,alternator_failure,0.0,False
2920.0,alternator_failure,0.0,False
2921.0,alternator_failure,0.0,False
2922.0,alternator_failure,0.0,False
2923.0,alternator_failure,0.0,False
2924.0,alternator_failure,0.0,False
2925.0,alternator_failure,0.0,False
2926.0,alternator_failure,0.0,False
2927.0,alternator_failure,0.0,False
2928.0,alternator_failure,0.0,False
2929.0,alternator_failure,0.0,False
2930.0,alternator_failure,0.0,False
2931.0,alternator_failure,0.0,False
2932.0,alternator_failure,0.0,False
2933.0,alternator_failure,0.0,False
2934.0,alternator_failure,0.0,False
2935.0,alternator_failure,0.0,False
2936.0,alternator_failure,0.0,False
2937.0,alternator_failure,0.0,False
2938.0,alternator_failure,0.0,False
2939.0,alternator_failure,0.0,False
2940.0,alternator_failure,0.0,False
2941.0,alternator_failure,0.0,False
2942.0,alternator_failure,0.0,False
2943.0,alternator_failure,0.0,False
2944.0,alternator_failure,0.0,False
2945.0,alternator_failure,0.0,False
2946.0,alternator_failure,0.0,False
2947.0,alternator_failure,0.0,False
2948.0,alternator_failure,0.0,False
2949.0,alternator_failure,0.0,False
2950.0,alternator_failure,0.0,False
2951.0,alternator_failure,0.0,False
2952.0,alternator_failure,0.0,False
2953.0,alternator_failure,0.0,False
2954.0,alternator_failure,0.0,False
2955.0,alternator_failure,0.0,False
2956.0,alternator_failure,0.0,False
2957.0,alternator_failure,0.0,False
2958.0,alternator_failure,0.0,False
2959.0,alternator_failure,0.0,False
2960.0,alternator_failure,0.0,False
2961.0,alternator_failure,0.0,False
2962.0,alternator_failure,0.0,False
2963.0,alternator_failure,0.0,False
2964.0,alternator_failure,0.0,False
2965.0,alternator_failure,0.0,False
2966.0,alternator_failure,0.0,False
2967.0,alternator_failure,0.0,False
2968.0,alternator_failure,0.0,False
2969.0,alternator_failure,0.0,False
2970.0,alternator_failure,0.0,False
2971.0,alternator_failure,0.0,False
2972.0,alternator_failure,0.0,False
2973.0,alternator_failure,0.0,False
2974.0,alternator_failure,0.0,False
2975.0,alternator_failure,0.0,False
2976.0,alternator_failure,0.0,False
2977.0,alternator_failure,0.0,False
2978.0,alternator_failure,0.0,False
2979.0,alternator_failure,0.0,False
2980.0,alternator_failure,0.0,False
2981.0,alternator_failure,0.0,False
2982.0,alternator_failure,0.0,False
2983.0,alternator_failure,0.0,False
2984.0,alternator_failure,0.0,False
2985.0,alternator_failure,0.0,False
2986.0,alternator_failure,0.0,False
2987.0,alternator_failure,0.0,False
2988.0,alternator_failure,0.0,False
2989.0,alternator_failure,0.0,False
2990.0,alternator_failure,0.0,False
2991.0,alternator_failure,0.0,False
2992.0,alternator_failure,0.0,False
2993.0,alternator_failure,0.0,False
2994.0,alternator_failure,0.0,False
2995.0,alternator_failure,0.0,False
2996.0,alternator_failure,0.0,False
2997.0,alternator_failure,0.0,False
2998.0,alternator_failure,0.0,False
2999.0,alternator_failure,0.0,False
3000.0,alternator_failure,0.0,False
3001.0,alternator_failure,0.0006666666666666666,True
3002.0,alternator_failure,0.0013333333333333333,True
3003.0,alternator_failure,0.002,True
3004.0,alternator_failure,0.0026666666666666666,True
3005.0,alternator_failure,0.0033333333333333335,True
3006.0,alternator_failure,0.004,True
3007.0,alternator_failure,0.004666666666666667,True
3008.0,alternator_failure,0.005333333333333333,True
3009.0,alternator_failure,0.006,True
3010.0,alternator_failure,0.006666666666666667,True
3011.0,alternator_failure,0.007333333333333333,True
3012.0,alternator_failure,0.008,True
3013.0,alternator_failure,0.008666666666666666,True
3014.0,alternator_failure,0.009333333333333334,True
3015.0,alternator_failure,0.01,True
3016.0,alternator_failure,0.010666666666666666,True
3017.0,alternator_failure,0.011333333333333334,True
3018.0,alternator_failure,0.012,True
3019.0,alternator_failure,0.012666666666666666,True
3020.0,alternator_failure,0.013333333333333334,True
3021.0,alternator_failure,0.014,True
3022.0,alternator_failure,0.014666666666666666,True
3023.0,alternator_failure,0.015333333333333332,True
3024.0,alternator_failure,0.016,True
3025.0,alternator_failure,0.016666666666666666,True
3026.0,alternator_failure,0.017333333333333333,True
3027.0,alternator_failure,0.018,True
3028.0,alternator_failure,0.018666666666666668,True
3029.0,alternator_failure,0.019333333333333334,True
3030.0,alternator_failure,0.02,True
3031.0,alternator_failure,0.020666666666666667,True
3032.0,alternator_failure,0.021333333333333333,True
3033.0,alternator_failure,0.022,True
3034.0,alternator_failure,0.02266666666666667,True
3035.0,alternator_failure,0.023333333333333334,True
3036.0,alternator_failure,0.024,True
3037.0,alternator_failure,0.024666666666666667,True
3038.0,alternator_failure,0.025333333333333333,True
3039.0,alternator_failure,0.026,True
3040.0,alternator_failure,0.02666666666666667,True
3041.0,alternator_failure,0.027333333333333334,True
3042.0,alternator_failure,0.028,True
3043.0,alternator_failure,0.028666666666666667,True
3044.0,alternator_failure,0.029333333333333333,True
3045.0,alternator_failure,0.03,True
3046.0,alternator_failure,0.030666666666666665,True
3047.0,alternator_failure,0.03133333333333333,True
3048.0,alternator_failure,0.032,True
3049.0,alternator_failure,0.03266666666666666,True
3050.0,alternator_failure,0.03333333333333333,True
3051.0,alternator_failure,0.034,True
3052.0,alternator_failure,0.034666666666666665,True
3053.0,alternator_failure,0.035333333333333335,True
3054.0,alternator_failure,0.036,True
3055.0,alternator_failure,0.03666666666666667,True
3056.0,alternator_failure,0.037333333333333336,True
3057.0,alternator_failure,0.038,True
3058.0,alternator_failure,0.03866666666666667,True
3059.0,alternator_failure,0.03933333333333333,True
3060.0,alternator_failure,0.04,True
3061.0,alternator_failure,0.04066666666666666,True
3062.0,alternator_failure,0.04133333333333333,True
3063.0,alternator_failure,0.042,True
3064.0,alternator_failure,0.042666666666666665,True
3065.0,alternator_failure,0.043333333333333335,True
3066.0,alternator_failure,0.044,True
3067.0,alternator_failure,0.04466666666666667,True
3068.0,alternator_failure,0.04533333333333334,True
3069.0,alternator_failure,0.046,True
3070.0,alternator_failure,0.04666666666666667,True
3071.0,alternator_failure,0.04733333333333333,True
3072.0,alternator_failure,0.048,True
3073.0,alternator_failure,0.048666666666666664,True
3074.0,alternator_failure,0.04933333333333333,True
3075.0,alternator_failure,0.05,True
3076.0,alternator_failure,0.050666666666666665,True
3077.0,alternator_failure,0.051333333333333335,True
3078.0,alternator_failure,0.052,True
3079.0,alternator_failure,0.05266666666666667,True
3080.0,alternator_failure,0.05333333333333334,True
3081.0,alternator_failure,0.054,True
3082.0,alternator_failure,0.05466666666666667,True
3083.0,alternator_failure,0.05533333333333333,True
3084.0,alternator_failure,0.056,True
3085.0,alternator_failure,0.056666666666666664,True
3086.0,alternator_failure,0.05733333333333333,True
3087.0,alternator_failure,0.058,True
3088.0,alternator_failure,0.058666666666666666,True
3089.0,alternator_failure,0.059333333333333335,True
3090.0,alternator_failure,0.06,True
3091.0,alternator_failure,0.06066666666666667,True
3092.0,alternator_failure,0.06133333333333333,True
3093.0,alternator_failure,0.062,True
3094.0,alternator_failure,0.06266666666666666,True
3095.0,alternator_failure,0.06333333333333334,True
3096.0,alternator_failure,0.064,True
3097.0,alternator_failure,0.06466666666666666,True
3098.0,alternator_failure,0.06533333333333333,True
3099.0,alternator_failure,0.066,True
3100.0,alternator_failure,0.06666666666666667,True
3101.0,alternator_failure,0.06733333333333333,True
3102.0,alternator_failure,0.068,True
3103.0,alternator_failure,0.06866666666666667,True
3104.0,alternator_failure,0.06933333333333333,True
3105.0,alternator_failure,0.07,True
3106.0,alternator_failure,0.07066666666666667,True
3107.0,alternator_failure,0.07133333333333333,True
3108.0,alternator_failure,0.072,True
3109.0,alternator_failure,0.07266666666666667,True
3110.0,alternator_failure,0.07333333333333333,True
3111.0,alternator_failure,0.074,True
3112.0,alternator_failure,0.07466666666666667,True
3113.0,alternator_failure,0.07533333333333334,True
3114.0,alternator_failure,0.076,True
3115.0,alternator_failure,0.07666666666666666,True
3116.0,alternator_failure,0.07733333333333334,True
3117.0,alternator_failure,0.078,True
3118.0,alternator_failure,0.07866666666666666,True
3119.0,alternator_failure,0.07933333333333334,True
3120.0,alternator_failure,0.08,True
3121.0,alternator_failure,0.08066666666666666,True
3122.0,alternator_failure,0.08133333333333333,True
3123.0,alternator_failure,0.082,True
3124.0,alternator_failure,0.08266666666666667,True
3125.0,alternator_failure,0.08333333333333333,True
3126.0,alternator_failure,0.084,True
3127.0,alternator_failure,0.08466666666666667,True
3128.0,alternator_failure,0.08533333333333333,True
3129.0,alternator_failure,0.086,True
3130.0,alternator_failure,0.08666666666666667,True
3131.0,alternator_failure,0.08733333333333333,True
3132.0,alternator_failure,0.088,True
3133.0,alternator_failure,0.08866666666666667,True
3134.0,alternator_failure,0.08933333333333333,True
3135.0,alternator_failure,0.09,True
3136.0,alternator_failure,0.09066666666666667,True
3137.0,alternator_failure,0.09133333333333334,True
3138.0,alternator_failure,0.092,True
3139.0,alternator_failure,0.09266666666666666,True
3140.0,alternator_failure,0.09333333333333334,True
3141.0,alternator_failure,0.094,True
3142.0,alternator_failure,0.09466666666666666,True
3143.0,alternator_failure,0.09533333333333334,True
3144.0,alternator_failure,0.096,True
3145.0,alternator_failure,0.09666666666666666,True
3146.0,alternator_failure,0.09733333333333333,True
3147.0,alternator_failure,0.098,True
3148.0,alternator_failure,0.09866666666666667,True
3149.0,alternator_failure,0.09933333333333333,True
3150.0,alternator_failure,0.1,True
3151.0,alternator_failure,0.10066666666666667,True
3152.0,alternator_failure,0.10133333333333333,True
3153.0,alternator_failure,0.102,True
3154.0,alternator_failure,0.10266666666666667,True
3155.0,alternator_failure,0.10333333333333333,True
3156.0,alternator_failure,0.104,True
3157.0,alternator_failure,0.10466666666666667,True
3158.0,alternator_failure,0.10533333333333333,True
3159.0,alternator_failure,0.106,True
3160.0,alternator_failure,0.10666666666666667,True
3161.0,alternator_failure,0.10733333333333334,True
3162.0,alternator_failure,0.108,True
3163.0,alternator_failure,0.10866666666666666,True
3164.0,alternator_failure,0.10933333333333334,True
3165.0,alternator_failure,0.11,True
3166.0,alternator_failure,0.11066666666666666,True
3167.0,alternator_failure,0.11133333333333334,True
3168.0,alternator_failure,0.112,True
3169.0,alternator_failure,0.11266666666666666,True
3170.0,alternator_failure,0.11333333333333333,True
3171.0,alternator_failure,0.114,True
3172.0,alternator_failure,0.11466666666666667,True
3173.0,alternator_failure,0.11533333333333333,True
3174.0,alternator_failure,0.116,True
3175.0,alternator_failure,0.11666666666666667,True
3176.0,alternator_failure,0.11733333333333333,True
3177.0,alternator_failure,0.118,True
3178.0,alternator_failure,0.11866666666666667,True
3179.0,alternator_failure,0.11933333333333333,True
3180.0,alternator_failure,0.12,True
3181.0,alternator_failure,0.12066666666666667,True
3182.0,alternator_failure,0.12133333333333333,True
3183.0,alternator_failure,0.122,True
3184.0,alternator_failure,0.12266666666666666,True
3185.0,alternator_failure,0.12333333333333334,True
3186.0,alternator_failure,0.124,True
3187.0,alternator_failure,0.12466666666666666,True
3188.0,alternator_failure,0.12533333333333332,True
3189.0,alternator_failure,0.126,True
3190.0,alternator_failure,0.12666666666666668,True
3191.0,alternator_failure,0.12733333333333333,True
3192.0,alternator_failure,0.128,True
3193.0,alternator_failure,0.12866666666666668,True
3194.0,alternator_failure,0.12933333333333333,True
3195.0,alternator_failure,0.13,True
3196.0,alternator_failure,0.13066666666666665,True
3197.0,alternator_failure,0.13133333333333333,True
3198.0,alternator_failure,0.132,True
3199.0,alternator_failure,0.13266666666666665,True
3200.0,alternator_failure,0.13333333333333333,True
3201.0,alternator_failure,0.134,True
3202.0,alternator_failure,0.13466666666666666,True
3203.0,alternator_failure,0.13533333333333333,True
3204.0,alternator_failure,0.136,True
3205.0,alternator_failure,0.13666666666666666,True
3206.0,alternator_failure,0.13733333333333334,True
3207.0,alternator_failure,0.138,True
3208.0,alternator_failure,0.13866666666666666,True
3209.0,alternator_failure,0.13933333333333334,True
3210.0,alternator_failure,0.14,True
3211.0,alternator_failure,0.14066666666666666,True
3212.0,alternator_failure,0.14133333333333334,True
3213.0,alternator_failure,0.142,True
3214.0,alternator_failure,0.14266666666666666,True
3215.0,alternator_failure,0.14333333333333334,True
3216.0,alternator_failure,0.144,True
3217.0,alternator_failure,0.14466666666666667,True
3218.0,alternator_failure,0.14533333333333334,True
3219.0,alternator_failure,0.146,True
3220.0,alternator_failure,0.14666666666666667,True
3221.0,alternator_failure,0.14733333333333334,True
3222.0,alternator_failure,0.148,True
3223.0,alternator_failure,0.14866666666666667,True
3224.0,alternator_failure,0.14933333333333335,True
3225.0,alternator_failure,0.15,True
3226.0,alternator_failure,0.15066666666666667,True
3227.0,alternator_failure,0.15133333333333332,True
3228.0,alternator_failure,0.152,True
3229.0,alternator_failure,0.15266666666666667,True
3230.0,alternator_failure,0.15333333333333332,True
3231.0,alternator_failure,0.154,True
3232.0,alternator_failure,0.15466666666666667,True
3233.0,alternator_failure,0.15533333333333332,True
3234.0,alternator_failure,0.156,True
3235.0,alternator_failure,0.15666666666666668,True
3236.0,alternator_failure,0.15733333333333333,True
3237.0,alternator_failure,0.158,True
3238.0,alternator_failure,0.15866666666666668,True
3239.0,alternator_failure,0.15933333333333333,True
3240.0,alternator_failure,0.16,True
3241.0,alternator_failure,0.16066666666666668,True
3242.0,alternator_failure,0.16133333333333333,True
3243.0,alternator_failure,0.162,True
3244.0,alternator_failure,0.16266666666666665,True
3245.0,alternator_failure,0.16333333333333333,True
3246.0,alternator_failure,0.164,True
3247.0,alternator_failure,0.16466666666666666,True
3248.0,alternator_failure,0.16533333333333333,True
3249.0,alternator_failure,0.166,True
3250.0,alternator_failure,0.16666666666666666,True
3251.0,alternator_failure,0.16733333333333333,True
3252.0,alternator_failure,0.168,True
3253.0,alternator_failure,0.16866666666666666,True
3254.0,alternator_failure,0.16933333333333334,True
3255.0,alternator_failure,0.17,True
3256.0,alternator_failure,0.17066666666666666,True
3257.0,alternator_failure,0.17133333333333334,True
3258.0,alternator_failure,0.172,True
3259.0,alternator_failure,0.17266666666666666,True
3260.0,alternator_failure,0.17333333333333334,True
3261.0,alternator_failure,0.174,True
3262.0,alternator_failure,0.17466666666666666,True
3263.0,alternator_failure,0.17533333333333334,True
3264.0,alternator_failure,0.176,True
3265.0,alternator_failure,0.17666666666666667,True
3266.0,alternator_failure,0.17733333333333334,True
3267.0,alternator_failure,0.178,True
3268.0,alternator_failure,0.17866666666666667,True
3269.0,alternator_failure,0.17933333333333334,True
3270.0,alternator_failure,0.18,True
3271.0,alternator_failure,0.18066666666666667,True
3272.0,alternator_failure,0.18133333333333335,True
3273.0,alternator_failure,0.182,True
3274.0,alternator_failure,0.18266666666666667,True
3275.0,alternator_failure,0.18333333333333332,True
3276.0,alternator_failure,0.184,True
3277.0,alternator_failure,0.18466666666666667,True
3278.0,alternator_failure,0.18533333333333332,True
3279.0,alternator_failure,0.186,True
3280.0,alternator_failure,0.18666666666666668,True
3281.0,alternator_failure,0.18733333333333332,True
3282.0,alternator_failure,0.188,True
3283.0,alternator_failure,0.18866666666666668,True
3284.0,alternator_failure,0.18933333333333333,True
3285.0,alternator_failure,0.19,True
3286.0,alternator_failure,0.19066666666666668,True
3287.0,alternator_failure,0.19133333333333333,True
3288.0,alternator_failure,0.192,True
3289.0,alternator_failure,0.19266666666666668,True
3290.0,alternator_failure,0.19333333333333333,True
3291.0,alternator_failure,0.194,True
3292.0,alternator_failure,0.19466666666666665,True
3293.0,alternator_failure,0.19533333333333333,True
3294.0,alternator_failure,0.196,True
3295.0,alternator_failure,0.19666666666666666,True
3296.0,alternator_failure,0.19733333333333333,True
3297.0,alternator_failure,0.198,True
3298.0,alternator_failure,0.19866666666666666,True
3299.0,alternator_failure,0.19933333333333333,True
3300.0,alternator_failure,0.2,True
3301.0,alternator_failure,0.20066666666666666,True
3302.0,alternator_failure,0.20133333333333334,True
3303.0,alternator_failure,0.202,True
3304.0,alternator_failure,0.20266666666666666,True
3305.0,alternator_failure,0.20333333333333334,True
3306.0,alternator_failure,0.204,True
3307.0,alternator_failure,0.20466666666666666,True
3308.0,alternator_failure,0.20533333333333334,True
3309.0,alternator_failure,0.206,True
3310.0,alternator_failure,0.20666666666666667,True
3311.0,alternator_failure,0.20733333333333334,True
3312.0,alternator_failure,0.208,True
3313.0,alternator_failure,0.20866666666666667,True
3314.0,alternator_failure,0.20933333333333334,True
3315.0,alternator_failure,0.21,True
3316.0,alternator_failure,0.21066666666666667,True
3317.0,alternator_failure,0.21133333333333335,True
3318.0,alternator_failure,0.212,True
3319.0,alternator_failure,0.21266666666666667,True
3320.0,alternator_failure,0.21333333333333335,True
3321.0,alternator_failure,0.214,True
3322.0,alternator_failure,0.21466666666666667,True
3323.0,alternator_failure,0.21533333333333332,True
3324.0,alternator_failure,0.216,True
3325.0,alternator_failure,0.21666666666666667,True
3326.0,alternator_failure,0.21733333333333332,True
3327.0,alternator_failure,0.218,True
3328.0,alternator_failure,0.21866666666666668,True
3329.0,alternator_failure,0.21933333333333332,True
3330.0,alternator_failure,0.22,True
3331.0,alternator_failure,0.22066666666666668,True
3332.0,alternator_failure,0.22133333333333333,True
3333.0,alternator_failure,0.222,True
3334.0,alternator_failure,0.22266666666666668,True
3335.0,alternator_failure,0.22333333333333333,True
3336.0,alternator_failure,0.224,True
3337.0,alternator_failure,0.22466666666666665,True
3338.0,alternator_failure,0.22533333333333333,True
3339.0,alternator_failure,0.226,True
3340.0,alternator_failure,0.22666666666666666,True
3341.0,alternator_failure,0.22733333333333333,True
3342.0,alternator_failure,0.228,True
3343.0,alternator_failure,0.22866666666666666,True
3344.0,alternator_failure,0.22933333333333333,True
3345.0,alternator_failure,0.23,True
3346.0,alternator_failure,0.23066666666666666,True
3347.0,alternator_failure,0.23133333333333334,True
3348.0,alternator_failure,0.232,True
3349.0,alternator_failure,0.23266666666666666,True
3350.0,alternator_failure,0.23333333333333334,True
3351.0,alternator_failure,0.234,True
3352.0,alternator_failure,0.23466666666666666,True
3353.0,alternator_failure,0.23533333333333334,True
3354.0,alternator_failure,0.236,True
3355.0,alternator_failure,0.23666666666666666,True
3356.0,alternator_failure,0.23733333333333334,True
3357.0,alternator_failure,0.238,True
3358.0,alternator_failure,0.23866666666666667,True
3359.0,alternator_failure,0.23933333333333334,True
3360.0,alternator_failure,0.24,True
3361.0,alternator_failure,0.24066666666666667,True
3362.0,alternator_failure,0.24133333333333334,True
3363.0,alternator_failure,0.242,True
3364.0,alternator_failure,0.24266666666666667,True
3365.0,alternator_failure,0.24333333333333335,True
3366.0,alternator_failure,0.244,True
3367.0,alternator_failure,0.24466666666666667,True
3368.0,alternator_failure,0.24533333333333332,True
3369.0,alternator_failure,0.246,True
3370.0,alternator_failure,0.24666666666666667,True
3371.0,alternator_failure,0.24733333333333332,True
3372.0,alternator_failure,0.248,True
3373.0,alternator_failure,0.24866666666666667,True
3374.0,alternator_failure,0.24933333333333332,True
3375.0,alternator_failure,0.25,True
3376.0,alternator_failure,0.25066666666666665,True
3377.0,alternator_failure,0.25133333333333335,True
3378.0,alternator_failure,0.252,True
3379.0,alternator_failure,0.25266666666666665,True
3380.0,alternator_failure,0.25333333333333335,True
3381.0,alternator_failure,0.254,True
3382.0,alternator_failure,0.25466666666666665,True
3383.0,alternator_failure,0.25533333333333336,True
3384.0,alternator_failure,0.256,True
3385.0,alternator_failure,0.25666666666666665,True
3386.0,alternator_failure,0.25733333333333336,True
3387.0,alternator_failure,0.258,True
3388.0,alternator_failure,0.25866666666666666,True
3389.0,alternator_failure,0.25933333333333336,True
3390.0,alternator_failure,0.26,True
3391.0,alternator_failure,0.26066666666666666,True
3392.0,alternator_failure,0.2613333333333333,True
3393.0,alternator_failure,0.262,True
3394.0,alternator_failure,0.26266666666666666,True
3395.0,alternator_failure,0.2633333333333333,True
3396.0,alternator_failure,0.264,True
3397.0,alternator_failure,0.26466666666666666,True
3398.0,alternator_failure,0.2653333333333333,True
3399.0,alternator_failure,0.266,True
3400.0,alternator_failure,0.26666666666666666,True
3401.0,alternator_failure,0.2673333333333333,True
3402.0,alternator_failure,0.268,True
3403.0,alternator_failure,0.26866666666666666,True
3404.0,alternator_failure,0.2693333333333333,True
3405.0,alternator_failure,0.27,True
3406.0,alternator_failure,0.27066666666666667,True
3407.0,alternator_failure,0.2713333333333333,True
3408.0,alternator_failure,0.272,True
3409.0,alternator_failure,0.27266666666666667,True
3410.0,alternator_failure,0.2733333333333333,True
3411.0,alternator_failure,0.274,True
3412.0,alternator_failure,0.27466666666666667,True
3413.0,alternator_failure,0.2753333333333333,True
3414.0,alternator_failure,0.276,True
3415.0,alternator_failure,0.27666666666666667,True
3416.0,alternator_failure,0.2773333333333333,True
3417.0,alternator_failure,0.278,True
3418.0,alternator_failure,0.2786666666666667,True
3419.0,alternator_failure,0.2793333333333333,True
3420.0,alternator_failure,0.28,True
3421.0,alternator_failure,0.2806666666666667,True
3422.0,alternator_failure,0.2813333333333333,True
3423.0,alternator_failure,0.282,True
3424.0,alternator_failure,0.2826666666666667,True
3425.0,alternator_failure,0.2833333333333333,True
3426.0,alternator_failure,0.284,True
3427.0,alternator_failure,0.2846666666666667,True
3428.0,alternator_failure,0.2853333333333333,True
3429.0,alternator_failure,0.286,True
3430.0,alternator_failure,0.2866666666666667,True
3431.0,alternator_failure,0.28733333333333333,True
3432.0,alternator_failure,0.288,True
3433.0,alternator_failure,0.2886666666666667,True
3434.0,alternator_failure,0.28933333333333333,True
3435.0,alternator_failure,0.29,True
3436.0,alternator_failure,0.2906666666666667,True
3437.0,alternator_failure,0.29133333333333333,True
3438.0,alternator_failure,0.292,True
3439.0,alternator_failure,0.2926666666666667,True
3440.0,alternator_failure,0.29333333333333333,True
3441.0,alternator_failure,0.294,True
3442.0,alternator_failure,0.2946666666666667,True
3443.0,alternator_failure,0.29533333333333334,True
3444.0,alternator_failure,0.296,True
3445.0,alternator_failure,0.2966666666666667,True
3446.0,alternator_failure,0.29733333333333334,True
3447.0,alternator_failure,0.298,True
3448.0,alternator_failure,0.2986666666666667,True
3449.0,alternator_failure,0.29933333333333334,True
3450.0,alternator_failure,0.3,True
3451.0,alternator_failure,0.3006666666666667,True
3452.0,alternator_failure,0.30133333333333334,True
3453.0,alternator_failure,0.302,True
3454.0,alternator_failure,0.30266666666666664,True
3455.0,alternator_failure,0.30333333333333334,True
3456.0,alternator_failure,0.304,True
3457.0,alternator_failure,0.30466666666666664,True
3458.0,alternator_failure,0.30533333333333335,True
3459.0,alternator_failure,0.306,True
3460.0,alternator_failure,0.30666666666666664,True
3461.0,alternator_failure,0.30733333333333335,True
3462.0,alternator_failure,0.308,True
3463.0,alternator_failure,0.30866666666666664,True
3464.0,alternator_failure,0.30933333333333335,True
3465.0,alternator_failure,0.31,True
3466.0,alternator_failure,0.31066666666666665,True
3467.0,alternator_failure,0.31133333333333335,True
3468.0,alternator_failure,0.312,True
3469.0,alternator_failure,0.31266666666666665,True
3470.0,alternator_failure,0.31333333333333335,True
3471.0,alternator_failure,0.314,True
3472.0,alternator_failure,0.31466666666666665,True
3473.0,alternator_failure,0.31533333333333335,True
3474.0,alternator_failure,0.316,True
3475.0,alternator_failure,0.31666666666666665,True
3476.0,alternator_failure,0.31733333333333336,True
3477.0,alternator_failure,0.318,True
3478.0,alternator_failure,0.31866666666666665,True
3479.0,alternator_failure,0.31933333333333336,True
3480.0,alternator_failure,0.32,True
3481.0,alternator_failure,0.32066666666666666,True
3482.0,alternator_failure,0.32133333333333336,True
3483.0,alternator_failure,0.322,True
3484.0,alternator_failure,0.32266666666666666,True
3485.0,alternator_failure,0.3233333333333333,True
3486.0,alternator_failure,0.324,True
3487.0,alternator_failure,0.32466666666666666,True
3488.0,alternator_failure,0.3253333333333333,True
3489.0,alternator_failure,0.326,True
3490.0,alternator_failure,0.32666666666666666,True
3491.0,alternator_failure,0.3273333333333333,True
3492.0,alternator_failure,0.328,True
3493.0,alternator_failure,0.32866666666666666,True
3494.0,alternator_failure,0.3293333333333333,True
3495.0,alternator_failure,0.33,True
3496.0,alternator_failure,0.33066666666666666,True
3497.0,alternator_failure,0.3313333333333333,True
3498.0,alternator_failure,0.332,True
3499.0,alternator_failure,0.33266666666666667,True
3500.0,alternator_failure,0.3333333333333333,True
3501.0,alternator_failure,0.334,True
3502.0,alternator_failure,0.33466666666666667,True
3503.0,alternator_failure,0.3353333333333333,True
3504.0,alternator_failure,0.336,True
3505.0,alternator_failure,0.33666666666666667,True
3506.0,alternator_failure,0.3373333333333333,True
3507.0,alternator_failure,0.338,True
3508.0,alternator_failure,0.33866666666666667,True
3509.0,alternator_failure,0.3393333333333333,True
3510.0,alternator_failure,0.34,True
3511.0,alternator_failure,0.3406666666666667,True
3512.0,alternator_failure,0.3413333333333333,True
3513.0,alternator_failure,0.342,True
3514.0,alternator_failure,0.3426666666666667,True
3515.0,alternator_failure,0.3433333333333333,True
3516.0,alternator_failure,0.344,True
3517.0,alternator_failure,0.3446666666666667,True
3518.0,alternator_failure,0.3453333333333333,True
3519.0,alternator_failure,0.346,True
3520.0,alternator_failure,0.3466666666666667,True
3521.0,alternator_failure,0.3473333333333333,True
3522.0,alternator_failure,0.348,True
3523.0,alternator_failure,0.3486666666666667,True
3524.0,alternator_failure,0.34933333333333333,True
3525.0,alternator_failure,0.35,True
3526.0,alternator_failure,0.3506666666666667,True
3527.0,alternator_failure,0.35133333333333333,True
3528.0,alternator_failure,0.352,True
3529.0,alternator_failure,0.3526666666666667,True
3530.0,alternator_failure,0.35333333333333333,True
3531.0,alternator_failure,0.354,True
3532.0,alternator_failure,0.3546666666666667,True
3533.0,alternator_failure,0.35533333333333333,True
3534.0,alternator_failure,0.356,True
3535.0,alternator_failure,0.3566666666666667,True
3536.0,alternator_failure,0.35733333333333334,True
3537.0,alternator_failure,0.358,True
3538.0,alternator_failure,0.3586666666666667,True
3539.0,alternator_failure,0.35933333333333334,True
3540.0,alternator_failure,0.36,True
3541.0,alternator_failure,0.3606666666666667,True
3542.0,alternator_failure,0.36133333333333334,True
3543.0,alternator_failure,0.362,True
3544.0,alternator_failure,0.3626666666666667,True
3545.0,alternator_failure,0.36333333333333334,True
3546.0,alternator_failure,0.364,True
3547.0,alternator_failure,0.36466666666666664,True
3548.0,alternator_failure,0.36533333333333334,True
3549.0,alternator_failure,0.366,True
3550.0,alternator_failure,0.36666666666666664,True
3551.0,alternator_failure,0.36733333333333335,True
3552.0,alternator_failure,0.368,True
3553.0,alternator_failure,0.36866666666666664,True
3554.0,alternator_failure,0.36933333333333335,True
3555.0,alternator_failure,0.37,True
3556.0,alternator_failure,0.37066666666666664,True
3557.0,alternator_failure,0.37133333333333335,True
3558.0,alternator_failure,0.372,True
3559.0,alternator_failure,0.37266666666666665,True
3560.0,alternator_failure,0.37333333333333335,True
3561.0,alternator_failure,0.374,True
3562.0,alternator_failure,0.37466666666666665,True
3563.0,alternator_failure,0.37533333333333335,True
3564.0,alternator_failure,0.376,True
3565.0,alternator_failure,0.37666666666666665,True
3566.0,alternator_failure,0.37733333333333335,True
3567.0,alternator_failure,0.378,True
3568.0,alternator_failure,0.37866666666666665,True
3569.0,alternator_failure,0.37933333333333336,True
3570.0,alternator_failure,0.38,True
3571.0,alternator_failure,0.38066666666666665,True
3572.0,alternator_failure,0.38133333333333336,True
3573.0,alternator_failure,0.382,True
3574.0,alternator_failure,0.38266666666666665,True
3575.0,alternator_failure,0.38333333333333336,True
3576.0,alternator_failure,0.384,True
3577.0,alternator_failure,0.38466666666666666,True
3578.0,alternator_failure,0.38533333333333336,True
3579.0,alternator_failure,0.386,True
3580.0,alternator_failure,0.38666666666666666,True
3581.0,alternator_failure,0.3873333333333333,True
3582.0,alternator_failure,0.388,True
3583.0,alternator_failure,0.38866666666666666,True
3584.0,alternator_failure,0.3893333333333333,True
3585.0,alternator_failure,0.39,True
3586.0,alternator_failure,0.39066666666666666,True
3587.0,alternator_failure,0.3913333333333333,True
3588.0,alternator_failure,0.392,True
3589.0,alternator_failure,0.39266666666666666,True
3590.0,alternator_failure,0.3933333333333333,True
3591.0,alternator_failure,0.394,True
3592.0,alternator_failure,0.39466666666666667,True
3593.0,alternator_failure,0.3953333333333333,True
3594.0,alternator_failure,0.396,True
3595.0,alternator_failure,0.39666666666666667,True
3596.0,alternator_failure,0.3973333333333333,True
3597.0,alternator_failure,0.398,True
3598.0,alternator_failure,0.39866666666666667,True
3599.0,alternator_failure,0.3993333333333333,True
3600.0,alternator_failure,0.4,True
3601.0,alternator_failure,0.40066666666666667,True
3602.0,alternator_failure,0.4013333333333333,True
3603.0,alternator_failure,0.402,True
3604.0,alternator_failure,0.4026666666666667,True
3605.0,alternator_failure,0.4033333333333333,True
3606.0,alternator_failure,0.404,True
3607.0,alternator_failure,0.4046666666666667,True
3608.0,alternator_failure,0.4053333333333333,True
3609.0,alternator_failure,0.406,True
3610.0,alternator_failure,0.4066666666666667,True
3611.0,alternator_failure,0.4073333333333333,True
3612.0,alternator_failure,0.408,True
3613.0,alternator_failure,0.4086666666666667,True
3614.0,alternator_failure,0.4093333333333333,True
3615.0,alternator_failure,0.41,True
3616.0,alternator_failure,0.4106666666666667,True
3617.0,alternator_failure,0.41133333333333333,True
3618.0,alternator_failure,0.412,True
3619.0,alternator_failure,0.4126666666666667,True
3620.0,alternator_failure,0.41333333333333333,True
3621.0,alternator_failure,0.414,True
3622.0,alternator_failure,0.4146666666666667,True
3623.0,alternator_failure,0.41533333333333333,True
3624.0,alternator_failure,0.416,True
3625.0,alternator_failure,0.4166666666666667,True
3626.0,alternator_failure,0.41733333333333333,True
3627.0,alternator_failure,0.418,True
3628.0,alternator_failure,0.4186666666666667,True
3629.0,alternator_failure,0.41933333333333334,True
3630.0,alternator_failure,0.42,True
3631.0,alternator_failure,0.4206666666666667,True
3632.0,alternator_failure,0.42133333333333334,True
3633.0,alternator_failure,0.422,True
3634.0,alternator_failure,0.4226666666666667,True
3635.0,alternator_failure,0.42333333333333334,True
3636.0,alternator_failure,0.424,True
3637.0,alternator_failure,0.4246666666666667,True
3638.0,alternator_failure,0.42533333333333334,True
3639.0,alternator_failure,0.426,True
3640.0,alternator_failure,0.4266666666666667,True
3641.0,alternator_failure,0.42733333333333334,True
3642.0,alternator_failure,0.428,True
3643.0,alternator_failure,0.42866666666666664,True
3644.0,alternator_failure,0.42933333333333334,True
3645.0,alternator_failure,0.43,True
3646.0,alternator_failure,0.43066666666666664,True
3647.0,alternator_failure,0.43133333333333335,True
3648.0,alternator_failure,0.432,True
3649.0,alternator_failure,0.43266666666666664,True
3650.0,alternator_failure,0.43333333333333335,True
3651.0,alternator_failure,0.434,True
3652.0,alternator_failure,0.43466666666666665,True
3653.0,alternator_failure,0.43533333333333335,True
3654.0,alternator_failure,0.436,True
3655.0,alternator_failure,0.43666666666666665,True
3656.0,alternator_failure,0.43733333333333335,True
3657.0,alternator_failure,0.438,True
3658.0,alternator_failure,0.43866666666666665,True
3659.0,alternator_failure,0.43933333333333335,True
3660.0,alternator_failure,0.44,True
3661.0,alternator_failure,0.44066666666666665,True
3662.0,alternator_failure,0.44133333333333336,True
3663.0,alternator_failure,0.442,True
3664.0,alternator_failure,0.44266666666666665,True
3665.0,alternator_failure,0.44333333333333336,True
3666.0,alternator_failure,0.444,True
3667.0,alternator_failure,0.44466666666666665,True
3668.0,alternator_failure,0.44533333333333336,True
3669.0,alternator_failure,0.446,True
3670.0,alternator_failure,0.44666666666666666,True
3671.0,alternator_failure,0.44733333333333336,True
3672.0,alternator_failure,0.448,True
3673.0,alternator_failure,0.44866666666666666,True
3674.0,alternator_failure,0.4493333333333333,True
3675.0,alternator_failure,0.45,True
3676.0,alternator_failure,0.45066666666666666,True
3677.0,alternator_failure,0.4513333333333333,True
3678.0,alternator_failure,0.452,True
3679.0,alternator_failure,0.45266666666666666,True
3680.0,alternator_failure,0.4533333333333333,True
3681.0,alternator_failure,0.454,True
3682.0,alternator_failure,0.45466666666666666,True
3683.0,alternator_failure,0.4553333333333333,True
3684.0,alternator_failure,0.456,True
3685.0,alternator_failure,0.45666666666666667,True
3686.0,alternator_failure,0.4573333333333333,True
3687.0,alternator_failure,0.458,True
3688.0,alternator_failure,0.45866666666666667,True
3689.0,alternator_failure,0.4593333333333333,True
3690.0,alternator_failure,0.46,True
3691.0,alternator_failure,0.46066666666666667,True
3692.0,alternator_failure,0.4613333333333333,True
3693.0,alternator_failure,0.462,True
3694.0,alternator_failure,0.46266666666666667,True
3695.0,alternator_failure,0.4633333333333333,True
3696.0,alternator_failure,0.464,True
3697.0,alternator_failure,0.4646666666666667,True
3698.0,alternator_failure,0.4653333333333333,True
3699.0,alternator_failure,0.466,True
3700.0,alternator_failure,0.4666666666666667,True
3701.0,alternator_failure,0.4673333333333333,True
3702.0,alternator_failure,0.468,True
3703.0,alternator_failure,0.4686666666666667,True
3704.0,alternator_failure,0.4693333333333333,True
3705.0,alternator_failure,0.47,True
3706.0,alternator_failure,0.4706666666666667,True
3707.0,alternator_failure,0.4713333333333333,True
3708.0,alternator_failure,0.472,True
3709.0,alternator_failure,0.4726666666666667,True
3710.0,alternator_failure,0.47333333333333333,True
3711.0,alternator_failure,0.474,True
3712.0,alternator_failure,0.4746666666666667,True
3713.0,alternator_failure,0.47533333333333333,True
3714.0,alternator_failure,0.476,True
3715.0,alternator_failure,0.4766666666666667,True
3716.0,alternator_failure,0.47733333333333333,True
3717.0,alternator_failure,0.478,True
3718.0,alternator_failure,0.4786666666666667,True
3719.0,alternator_failure,0.47933333333333333,True
3720.0,alternator_failure,0.48,True
3721.0,alternator_failure,0.4806666666666667,True
3722.0,alternator_failure,0.48133333333333334,True
3723.0,alternator_failure,0.482,True
3724.0,alternator_failure,0.4826666666666667,True
3725.0,alternator_failure,0.48333333333333334,True
3726.0,alternator_failure,0.484,True
3727.0,alternator_failure,0.4846666666666667,True
3728.0,alternator_failure,0.48533333333333334,True
3729.0,alternator_failure,0.486,True
3730.0,alternator_failure,0.4866666666666667,True
3731.0,alternator_failure,0.48733333333333334,True
3732.0,alternator_failure,0.488,True
3733.0,alternator_failure,0.4886666666666667,True
3734.0,alternator_failure,0.48933333333333334,True
3735.0,alternator_failure,0.49,True
3736.0,alternator_failure,0.49066666666666664,True
3737.0,alternator_failure,0.49133333333333334,True
3738.0,alternator_failure,0.492,True
3739.0,alternator_failure,0.49266666666666664,True
3740.0,alternator_failure,0.49333333333333335,True
3741.0,alternator_failure,0.494,True
3742.0,alternator_failure,0.49466666666666664,True
3743.0,alternator_failure,0.49533333333333335,True
3744.0,alternator_failure,0.496,True
3745.0,alternator_failure,0.49666666666666665,True
3746.0,alternator_failure,0.49733333333333335,True
3747.0,alternator_failure,0.498,True
3748.0,alternator_failure,0.49866666666666665,True
3749.0,alternator_failure,0.49933333333333335,True
3750.0,alternator_failure,0.5,True
3751.0,alternator_failure,0.5006666666666667,True
3752.0,alternator_failure,0.5013333333333333,True
3753.0,alternator_failure,0.502,True
3754.0,alternator_failure,0.5026666666666667,True
3755.0,alternator_failure,0.5033333333333333,True
3756.0,alternator_failure,0.504,True
3757.0,alternator_failure,0.5046666666666667,True
3758.0,alternator_failure,0.5053333333333333,True
3759.0,alternator_failure,0.506,True
3760.0,alternator_failure,0.5066666666666667,True
3761.0,alternator_failure,0.5073333333333333,True
3762.0,alternator_failure,0.508,True
3763.0,alternator_failure,0.5086666666666667,True
3764.0,alternator_failure,0.5093333333333333,True
3765.0,alternator_failure,0.51,True
3766.0,alternator_failure,0.5106666666666667,True
3767.0,alternator_failure,0.5113333333333333,True
3768.0,alternator_failure,0.512,True
3769.0,alternator_failure,0.5126666666666667,True
3770.0,alternator_failure,0.5133333333333333,True
3771.0,alternator_failure,0.514,True
3772.0,alternator_failure,0.5146666666666667,True
3773.0,alternator_failure,0.5153333333333333,True
3774.0,alternator_failure,0.516,True
3775.0,alternator_failure,0.5166666666666667,True
3776.0,alternator_failure,0.5173333333333333,True
3777.0,alternator_failure,0.518,True
3778.0,alternator_failure,0.5186666666666667,True
3779.0,alternator_failure,0.5193333333333333,True
3780.0,alternator_failure,0.52,True
3781.0,alternator_failure,0.5206666666666667,True
3782.0,alternator_failure,0.5213333333333333,True
3783.0,alternator_failure,0.522,True
3784.0,alternator_failure,0.5226666666666666,True
3785.0,alternator_failure,0.5233333333333333,True
3786.0,alternator_failure,0.524,True
3787.0,alternator_failure,0.5246666666666666,True
3788.0,alternator_failure,0.5253333333333333,True
3789.0,alternator_failure,0.526,True
3790.0,alternator_failure,0.5266666666666666,True
3791.0,alternator_failure,0.5273333333333333,True
3792.0,alternator_failure,0.528,True
3793.0,alternator_failure,0.5286666666666666,True
3794.0,alternator_failure,0.5293333333333333,True
3795.0,alternator_failure,0.53,True
3796.0,alternator_failure,0.5306666666666666,True
3797.0,alternator_failure,0.5313333333333333,True
3798.0,alternator_failure,0.532,True
3799.0,alternator_failure,0.5326666666666666,True
3800.0,alternator_failure,0.5333333333333333,True
3801.0,alternator_failure,0.534,True
3802.0,alternator_failure,0.5346666666666666,True
3803.0,alternator_failure,0.5353333333333333,True
3804.0,alternator_failure,0.536,True
3805.0,alternator_failure,0.5366666666666666,True
3806.0,alternator_failure,0.5373333333333333,True
3807.0,alternator_failure,0.538,True
3808.0,alternator_failure,0.5386666666666666,True
3809.0,alternator_failure,0.5393333333333333,True
3810.0,alternator_failure,0.54,True
3811.0,alternator_failure,0.5406666666666666,True
3812.0,alternator_failure,0.5413333333333333,True
3813.0,alternator_failure,0.542,True
3814.0,alternator_failure,0.5426666666666666,True
3815.0,alternator_failure,0.5433333333333333,True
3816.0,alternator_failure,0.544,True
3817.0,alternator_failure,0.5446666666666666,True
3818.0,alternator_failure,0.5453333333333333,True
3819.0,alternator_failure,0.546,True
3820.0,alternator_failure,0.5466666666666666,True
3821.0,alternator_failure,0.5473333333333333,True
3822.0,alternator_failure,0.548,True
3823.0,alternator_failure,0.5486666666666666,True
3824.0,alternator_failure,0.5493333333333333,True
3825.0,alternator_failure,0.55,True
3826.0,alternator_failure,0.5506666666666666,True
3827.0,alternator_failure,0.5513333333333333,True
3828.0,alternator_failure,0.552,True
3829.0,alternator_failure,0.5526666666666666,True
3830.0,alternator_failure,0.5533333333333333,True
3831.0,alternator_failure,0.554,True
3832.0,alternator_failure,0.5546666666666666,True
3833.0,alternator_failure,0.5553333333333333,True
3834.0,alternator_failure,0.556,True
3835.0,alternator_failure,0.5566666666666666,True
3836.0,alternator_failure,0.5573333333333333,True
3837.0,alternator_failure,0.558,True
3838.0,alternator_failure,0.5586666666666666,True
3839.0,alternator_failure,0.5593333333333333,True
3840.0,alternator_failure,0.56,True
3841.0,alternator_failure,0.5606666666666666,True
3842.0,alternator_failure,0.5613333333333334,True
3843.0,alternator_failure,0.562,True
3844.0,alternator_failure,0.5626666666666666,True
3845.0,alternator_failure,0.5633333333333334,True
3846.0,alternator_failure,0.564,True
3847.0,alternator_failure,0.5646666666666667,True
3848.0,alternator_failure,0.5653333333333334,True
3849.0,alternator_failure,0.566,True
3850.0,alternator_failure,0.5666666666666667,True
3851.0,alternator_failure,0.5673333333333334,True
3852.0,alternator_failure,0.568,True
3853.0,alternator_failure,0.5686666666666667,True
3854.0,alternator_failure,0.5693333333333334,True
3855.0,alternator_failure,0.57,True
3856.0,alternator_failure,0.5706666666666667,True
3857.0,alternator_failure,0.5713333333333334,True
3858.0,alternator_failure,0.572,True
3859.0,alternator_failure,0.5726666666666667,True
3860.0,alternator_failure,0.5733333333333334,True
3861.0,alternator_failure,0.574,True
3862.0,alternator_failure,0.5746666666666667,True
3863.0,alternator_failure,0.5753333333333334,True
3864.0,alternator_failure,0.576,True
3865.0,alternator_failure,0.5766666666666667,True
3866.0,alternator_failure,0.5773333333333334,True
3867.0,alternator_failure,0.578,True
3868.0,alternator_failure,0.5786666666666667,True
3869.0,alternator_failure,0.5793333333333334,True
3870.0,alternator_failure,0.58,True
3871.0,alternator_failure,0.5806666666666667,True
3872.0,alternator_failure,0.5813333333333334,True
3873.0,alternator_failure,0.582,True
3874.0,alternator_failure,0.5826666666666667,True
3875.0,alternator_failure,0.5833333333333334,True
3876.0,alternator_failure,0.584,True
3877.0,alternator_failure,0.5846666666666667,True
3878.0,alternator_failure,0.5853333333333334,True
3879.0,alternator_failure,0.586,True
3880.0,alternator_failure,0.5866666666666667,True
3881.0,alternator_failure,0.5873333333333334,True
3882.0,alternator_failure,0.588,True
3883.0,alternator_failure,0.5886666666666667,True
3884.0,alternator_failure,0.5893333333333334,True
3885.0,alternator_failure,0.59,True
3886.0,alternator_failure,0.5906666666666667,True
3887.0,alternator_failure,0.5913333333333334,True
3888.0,alternator_failure,0.592,True
3889.0,alternator_failure,0.5926666666666667,True
3890.0,alternator_failure,0.5933333333333334,True
3891.0,alternator_failure,0.594,True
3892.0,alternator_failure,0.5946666666666667,True
3893.0,alternator_failure,0.5953333333333334,True
3894.0,alternator_failure,0.596,True
3895.0,alternator_failure,0.5966666666666667,True
3896.0,alternator_failure,0.5973333333333334,True
3897.0,alternator_failure,0.598,True
3898.0,alternator_failure,0.5986666666666667,True
3899.0,alternator_failure,0.5993333333333334,True
3900.0,alternator_failure,0.6,True
3901.0,alternator_failure,0.6006666666666667,True
3902.0,alternator_failure,0.6013333333333334,True
3903.0,alternator_failure,0.602,True
3904.0,alternator_failure,0.6026666666666667,True
3905.0,alternator_failure,0.6033333333333334,True
3906.0,alternator_failure,0.604,True
3907.0,alternator_failure,0.6046666666666667,True
3908.0,alternator_failure,0.6053333333333333,True
3909.0,alternator_failure,0.606,True
3910.0,alternator_failure,0.6066666666666667,True
3911.0,alternator_failure,0.6073333333333333,True
3912.0,alternator_failure,0.608,True
3913.0,alternator_failure,0.6086666666666667,True
3914.0,alternator_failure,0.6093333333333333,True
3915.0,alternator_failure,0.61,True
3916.0,alternator_failure,0.6106666666666667,True
3917.0,alternator_failure,0.6113333333333333,True
3918.0,alternator_failure,0.612,True
3919.0,alternator_failure,0.6126666666666667,True
3920.0,alternator_failure,0.6133333333333333,True
3921.0,alternator_failure,0.614,True
3922.0,alternator_failure,0.6146666666666667,True
3923.0,alternator_failure,0.6153333333333333,True
3924.0,alternator_failure,0.616,True
3925.0,alternator_failure,0.6166666666666667,True
3926.0,alternator_failure,0.6173333333333333,True
3927.0,alternator_failure,0.618,True
3928.0,alternator_failure,0.6186666666666667,True
3929.0,alternator_failure,0.6193333333333333,True
3930.0,alternator_failure,0.62,True
3931.0,alternator_failure,0.6206666666666667,True
3932.0,alternator_failure,0.6213333333333333,True
3933.0,alternator_failure,0.622,True
3934.0,alternator_failure,0.6226666666666667,True
3935.0,alternator_failure,0.6233333333333333,True
3936.0,alternator_failure,0.624,True
3937.0,alternator_failure,0.6246666666666667,True
3938.0,alternator_failure,0.6253333333333333,True
3939.0,alternator_failure,0.626,True
3940.0,alternator_failure,0.6266666666666667,True
3941.0,alternator_failure,0.6273333333333333,True
3942.0,alternator_failure,0.628,True
3943.0,alternator_failure,0.6286666666666667,True
3944.0,alternator_failure,0.6293333333333333,True
3945.0,alternator_failure,0.63,True
3946.0,alternator_failure,0.6306666666666667,True
3947.0,alternator_failure,0.6313333333333333,True
3948.0,alternator_failure,0.632,True
3949.0,alternator_failure,0.6326666666666667,True
3950.0,alternator_failure,0.6333333333333333,True
3951.0,alternator_failure,0.634,True
3952.0,alternator_failure,0.6346666666666667,True
3953.0,alternator_failure,0.6353333333333333,True
3954.0,alternator_failure,0.636,True
3955.0,alternator_failure,0.6366666666666667,True
3956.0,alternator_failure,0.6373333333333333,True
3957.0,alternator_failure,0.638,True
3958.0,alternator_failure,0.6386666666666667,True
3959.0,alternator_failure,0.6393333333333333,True
3960.0,alternator_failure,0.64,True
3961.0,alternator_failure,0.6406666666666667,True
3962.0,alternator_failure,0.6413333333333333,True
3963.0,alternator_failure,0.642,True
3964.0,alternator_failure,0.6426666666666667,True
3965.0,alternator_failure,0.6433333333333333,True
3966.0,alternator_failure,0.644,True
3967.0,alternator_failure,0.6446666666666667,True
3968.0,alternator_failure,0.6453333333333333,True
3969.0,alternator_failure,0.646,True
3970.0,alternator_failure,0.6466666666666666,True
3971.0,alternator_failure,0.6473333333333333,True
3972.0,alternator_failure,0.648,True
3973.0,alternator_failure,0.6486666666666666,True
3974.0,alternator_failure,0.6493333333333333,True
3975.0,alternator_failure,0.65,True
3976.0,alternator_failure,0.6506666666666666,True
3977.0,alternator_failure,0.6513333333333333,True
3978.0,alternator_failure,0.652,True
3979.0,alternator_failure,0.6526666666666666,True
3980.0,alternator_failure,0.6533333333333333,True
3981.0,alternator_failure,0.654,True
3982.0,alternator_failure,0.6546666666666666,True
3983.0,alternator_failure,0.6553333333333333,True
3984.0,alternator_failure,0.656,True
3985.0,alternator_failure,0.6566666666666666,True
3986.0,alternator_failure,0.6573333333333333,True
3987.0,alternator_failure,0.658,True
3988.0,alternator_failure,0.6586666666666666,True
3989.0,alternator_failure,0.6593333333333333,True
3990.0,alternator_failure,0.66,True
3991.0,alternator_failure,0.6606666666666666,True
3992.0,alternator_failure,0.6613333333333333,True
3993.0,alternator_failure,0.662,True
3994.0,alternator_failure,0.6626666666666666,True
3995.0,alternator_failure,0.6633333333333333,True
3996.0,alternator_failure,0.664,True
3997.0,alternator_failure,0.6646666666666666,True
3998.0,alternator_failure,0.6653333333333333,True
3999.0,alternator_failure,0.666,True
4000.0,alternator_failure,0.6666666666666666,True
4001.0,alternator_failure,0.6673333333333333,True
4002.0,alternator_failure,0.668,True
4003.0,alternator_failure,0.6686666666666666,True
4004.0,alternator_failure,0.6693333333333333,True
4005.0,alternator_failure,0.67,True
4006.0,alternator_failure,0.6706666666666666,True
4007.0,alternator_failure,0.6713333333333333,True
4008.0,alternator_failure,0.672,True
4009.0,alternator_failure,0.6726666666666666,True
4010.0,alternator_failure,0.6733333333333333,True
4011.0,alternator_failure,0.674,True
4012.0,alternator_failure,0.6746666666666666,True
4013.0,alternator_failure,0.6753333333333333,True
4014.0,alternator_failure,0.676,True
4015.0,alternator_failure,0.6766666666666666,True
4016.0,alternator_failure,0.6773333333333333,True
4017.0,alternator_failure,0.678,True
4018.0,alternator_failure,0.6786666666666666,True
4019.0,alternator_failure,0.6793333333333333,True
4020.0,alternator_failure,0.68,True
4021.0,alternator_failure,0.6806666666666666,True
4022.0,alternator_failure,0.6813333333333333,True
4023.0,alternator_failure,0.682,True
4024.0,alternator_failure,0.6826666666666666,True
4025.0,alternator_failure,0.6833333333333333,True
4026.0,alternator_failure,0.684,True
4027.0,alternator_failure,0.6846666666666666,True
4028.0,alternator_failure,0.6853333333333333,True
4029.0,alternator_failure,0.686,True
4030.0,alternator_failure,0.6866666666666666,True
4031.0,alternator_failure,0.6873333333333334,True
4032.0,alternator_failure,0.688,True
4033.0,alternator_failure,0.6886666666666666,True
4034.0,alternator_failure,0.6893333333333334,True
4035.0,alternator_failure,0.69,True
4036.0,alternator_failure,0.6906666666666667,True
4037.0,alternator_failure,0.6913333333333334,True
4038.0,alternator_failure,0.692,True
4039.0,alternator_failure,0.6926666666666667,True
4040.0,alternator_failure,0.6933333333333334,True
4041.0,alternator_failure,0.694,True
4042.0,alternator_failure,0.6946666666666667,True
4043.0,alternator_failure,0.6953333333333334,True
4044.0,alternator_failure,0.696,True
4045.0,alternator_failure,0.6966666666666667,True
4046.0,alternator_failure,0.6973333333333334,True
4047.0,alternator_failure,0.698,True
4048.0,alternator_failure,0.6986666666666667,True
4049.0,alternator_failure,0.6993333333333334,True
4050.0,alternator_failure,0.7,True
4051.0,alternator_failure,0.7006666666666667,True
4052.0,alternator_failure,0.7013333333333334,True
4053.0,alternator_failure,0.702,True
4054.0,alternator_failure,0.7026666666666667,True
4055.0,alternator_failure,0.7033333333333334,True
4056.0,alternator_failure,0.704,True
4057.0,alternator_failure,0.7046666666666667,True
4058.0,alternator_failure,0.7053333333333334,True
4059.0,alternator_failure,0.706,True
4060.0,alternator_failure,0.7066666666666667,True
4061.0,alternator_failure,0.7073333333333334,True
4062.0,alternator_failure,0.708,True
4063.0,alternator_failure,0.7086666666666667,True
4064.0,alternator_failure,0.7093333333333334,True
4065.0,alternator_failure,0.71,True
4066.0,alternator_failure,0.7106666666666667,True
4067.0,alternator_failure,0.7113333333333334,True
4068.0,alternator_failure,0.712,True
4069.0,alternator_failure,0.7126666666666667,True
4070.0,alternator_failure,0.7133333333333334,True
4071.0,alternator_failure,0.714,True
4072.0,alternator_failure,0.7146666666666667,True
4073.0,alternator_failure,0.7153333333333334,True
4074.0,alternator_failure,0.716,True
4075.0,alternator_failure,0.7166666666666667,True
4076.0,alternator_failure,0.7173333333333334,True
4077.0,alternator_failure,0.718,True
4078.0,alternator_failure,0.7186666666666667,True
4079.0,alternator_failure,0.7193333333333334,True
4080.0,alternator_failure,0.72,True
4081.0,alternator_failure,0.7206666666666667,True
4082.0,alternator_failure,0.7213333333333334,True
4083.0,alternator_failure,0.722,True
4084.0,alternator_failure,0.7226666666666667,True
4085.0,alternator_failure,0.7233333333333334,True
4086.0,alternator_failure,0.724,True
4087.0,alternator_failure,0.7246666666666667,True
4088.0,alternator_failure,0.7253333333333334,True
4089.0,alternator_failure,0.726,True
4090.0,alternator_failure,0.7266666666666667,True
4091.0,alternator_failure,0.7273333333333334,True
4092.0,alternator_failure,0.728,True
4093.0,alternator_failure,0.7286666666666667,True
4094.0,alternator_failure,0.7293333333333333,True
4095.0,alternator_failure,0.73,True
4096.0,alternator_failure,0.7306666666666667,True
4097.0,alternator_failure,0.7313333333333333,True
4098.0,alternator_failure,0.732,True
4099.0,alternator_failure,0.7326666666666667,True
4100.0,alternator_failure,0.7333333333333333,True
4101.0,alternator_failure,0.734,True
4102.0,alternator_failure,0.7346666666666667,True
4103.0,alternator_failure,0.7353333333333333,True
4104.0,alternator_failure,0.736,True
4105.0,alternator_failure,0.7366666666666667,True
4106.0,alternator_failure,0.7373333333333333,True
4107.0,alternator_failure,0.738,True
4108.0,alternator_failure,0.7386666666666667,True
4109.0,alternator_failure,0.7393333333333333,True
4110.0,alternator_failure,0.74,True
4111.0,alternator_failure,0.7406666666666667,True
4112.0,alternator_failure,0.7413333333333333,True
4113.0,alternator_failure,0.742,True
4114.0,alternator_failure,0.7426666666666667,True
4115.0,alternator_failure,0.7433333333333333,True
4116.0,alternator_failure,0.744,True
4117.0,alternator_failure,0.7446666666666667,True
4118.0,alternator_failure,0.7453333333333333,True
4119.0,alternator_failure,0.746,True
4120.0,alternator_failure,0.7466666666666667,True
4121.0,alternator_failure,0.7473333333333333,True
4122.0,alternator_failure,0.748,True
4123.0,alternator_failure,0.7486666666666667,True
4124.0,alternator_failure,0.7493333333333333,True
4125.0,alternator_failure,0.75,True
4126.0,alternator_failure,0.7506666666666667,True
4127.0,alternator_failure,0.7513333333333333,True
4128.0,alternator_failure,0.752,True
4129.0,alternator_failure,0.7526666666666667,True
4130.0,alternator_failure,0.7533333333333333,True
4131.0,alternator_failure,0.754,True
4132.0,alternator_failure,0.7546666666666667,True
4133.0,alternator_failure,0.7553333333333333,True
4134.0,alternator_failure,0.756,True
4135.0,alternator_failure,0.7566666666666667,True
4136.0,alternator_failure,0.7573333333333333,True
4137.0,alternator_failure,0.758,True
4138.0,alternator_failure,0.7586666666666667,True
4139.0,alternator_failure,0.7593333333333333,True
4140.0,alternator_failure,0.76,True
4141.0,alternator_failure,0.7606666666666667,True
4142.0,alternator_failure,0.7613333333333333,True
4143.0,alternator_failure,0.762,True
4144.0,alternator_failure,0.7626666666666667,True
4145.0,alternator_failure,0.7633333333333333,True
4146.0,alternator_failure,0.764,True
4147.0,alternator_failure,0.7646666666666667,True
4148.0,alternator_failure,0.7653333333333333,True
4149.0,alternator_failure,0.766,True
4150.0,alternator_failure,0.7666666666666667,True
4151.0,alternator_failure,0.7673333333333333,True
4152.0,alternator_failure,0.768,True
4153.0,alternator_failure,0.7686666666666667,True
4154.0,alternator_failure,0.7693333333333333,True
4155.0,alternator_failure,0.77,True
4156.0,alternator_failure,0.7706666666666667,True
4157.0,alternator_failure,0.7713333333333333,True
4158.0,alternator_failure,0.772,True
4159.0,alternator_failure,0.7726666666666666,True
4160.0,alternator_failure,0.7733333333333333,True
4161.0,alternator_failure,0.774,True
4162.0,alternator_failure,0.7746666666666666,True
4163.0,alternator_failure,0.7753333333333333,True
4164.0,alternator_failure,0.776,True
4165.0,alternator_failure,0.7766666666666666,True
4166.0,alternator_failure,0.7773333333333333,True
4167.0,alternator_failure,0.778,True
4168.0,alternator_failure,0.7786666666666666,True
4169.0,alternator_failure,0.7793333333333333,True
4170.0,alternator_failure,0.78,True
4171.0,alternator_failure,0.7806666666666666,True
4172.0,alternator_failure,0.7813333333333333,True
4173.0,alternator_failure,0.782,True
4174.0,alternator_failure,0.7826666666666666,True
4175.0,alternator_failure,0.7833333333333333,True
4176.0,alternator_failure,0.784,True
4177.0,alternator_failure,0.7846666666666666,True
4178.0,alternator_failure,0.7853333333333333,True
4179.0,alternator_failure,0.786,True
4180.0,alternator_failure,0.7866666666666666,True
4181.0,alternator_failure,0.7873333333333333,True
4182.0,alternator_failure,0.788,True
4183.0,alternator_failure,0.7886666666666666,True
4184.0,alternator_failure,0.7893333333333333,True
4185.0,alternator_failure,0.79,True
4186.0,alternator_failure,0.7906666666666666,True
4187.0,alternator_failure,0.7913333333333333,True
4188.0,alternator_failure,0.792,True
4189.0,alternator_failure,0.7926666666666666,True
4190.0,alternator_failure,0.7933333333333333,True
4191.0,alternator_failure,0.794,True
4192.0,alternator_failure,0.7946666666666666,True
4193.0,alternator_failure,0.7953333333333333,True
4194.0,alternator_failure,0.796,True
4195.0,alternator_failure,0.7966666666666666,True
4196.0,alternator_failure,0.7973333333333333,True
4197.0,alternator_failure,0.798,True
4198.0,alternator_failure,0.7986666666666666,True
4199.0,alternator_failure,0.7993333333333333,True
4200.0,alternator_failure,0.8,True
4201.0,alternator_failure,0.8006666666666666,True
4202.0,alternator_failure,0.8013333333333333,True
4203.0,alternator_failure,0.802,True
4204.0,alternator_failure,0.8026666666666666,True
4205.0,alternator_failure,0.8033333333333333,True
4206.0,alternator_failure,0.804,True
4207.0,alternator_failure,0.8046666666666666,True
4208.0,alternator_failure,0.8053333333333333,True
4209.0,alternator_failure,0.806,True
4210.0,alternator_failure,0.8066666666666666,True
4211.0,alternator_failure,0.8073333333333333,True
4212.0,alternator_failure,0.808,True
4213.0,alternator_failure,0.8086666666666666,True
4214.0,alternator_failure,0.8093333333333333,True
4215.0,alternator_failure,0.81,True
4216.0,alternator_failure,0.8106666666666666,True
4217.0,alternator_failure,0.8113333333333334,True
4218.0,alternator_failure,0.812,True
4219.0,alternator_failure,0.8126666666666666,True
4220.0,alternator_failure,0.8133333333333334,True
4221.0,alternator_failure,0.814,True
4222.0,alternator_failure,0.8146666666666667,True
4223.0,alternator_failure,0.8153333333333334,True
4224.0,alternator_failure,0.816,True
4225.0,alternator_failure,0.8166666666666667,True
4226.0,alternator_failure,0.8173333333333334,True
4227.0,alternator_failure,0.818,True
4228.0,alternator_failure,0.8186666666666667,True
4229.0,alternator_failure,0.8193333333333334,True
4230.0,alternator_failure,0.82,True
4231.0,alternator_failure,0.8206666666666667,True
4232.0,alternator_failure,0.8213333333333334,True
4233.0,alternator_failure,0.822,True
4234.0,alternator_failure,0.8226666666666667,True
4235.0,alternator_failure,0.8233333333333334,True
4236.0,alternator_failure,0.824,True
4237.0,alternator_failure,0.8246666666666667,True
4238.0,alternator_failure,0.8253333333333334,True
4239.0,alternator_failure,0.826,True
4240.0,alternator_failure,0.8266666666666667,True
4241.0,alternator_failure,0.8273333333333334,True
4242.0,alternator_failure,0.828,True
4243.0,alternator_failure,0.8286666666666667,True
4244.0,alternator_failure,0.8293333333333334,True
4245.0,alternator_failure,0.83,True
4246.0,alternator_failure,0.8306666666666667,True
4247.0,alternator_failure,0.8313333333333334,True
4248.0,alternator_failure,0.832,True
4249.0,alternator_failure,0.8326666666666667,True
4250.0,alternator_failure,0.8333333333333334,True
4251.0,alternator_failure,0.834,True
4252.0,alternator_failure,0.8346666666666667,True
4253.0,alternator_failure,0.8353333333333334,True
4254.0,alternator_failure,0.836,True
4255.0,alternator_failure,0.8366666666666667,True
4256.0,alternator_failure,0.8373333333333334,True
4257.0,alternator_failure,0.838,True
4258.0,alternator_failure,0.8386666666666667,True
4259.0,alternator_failure,0.8393333333333334,True
4260.0,alternator_failure,0.84,True
4261.0,alternator_failure,0.8406666666666667,True
4262.0,alternator_failure,0.8413333333333334,True
4263.0,alternator_failure,0.842,True
4264.0,alternator_failure,0.8426666666666667,True
4265.0,alternator_failure,0.8433333333333334,True
4266.0,alternator_failure,0.844,True
4267.0,alternator_failure,0.8446666666666667,True
4268.0,alternator_failure,0.8453333333333334,True
4269.0,alternator_failure,0.846,True
4270.0,alternator_failure,0.8466666666666667,True
4271.0,alternator_failure,0.8473333333333334,True
4272.0,alternator_failure,0.848,True
4273.0,alternator_failure,0.8486666666666667,True
4274.0,alternator_failure,0.8493333333333334,True
4275.0,alternator_failure,0.85,True
4276.0,alternator_failure,0.8506666666666667,True
4277.0,alternator_failure,0.8513333333333334,True
4278.0,alternator_failure,0.852,True
4279.0,alternator_failure,0.8526666666666667,True
4280.0,alternator_failure,0.8533333333333334,True
4281.0,alternator_failure,0.854,True
4282.0,alternator_failure,0.8546666666666667,True
4283.0,alternator_failure,0.8553333333333333,True
4284.0,alternator_failure,0.856,True
4285.0,alternator_failure,0.8566666666666667,True
4286.0,alternator_failure,0.8573333333333333,True
4287.0,alternator_failure,0.858,True
4288.0,alternator_failure,0.8586666666666667,True
4289.0,alternator_failure,0.8593333333333333,True
4290.0,alternator_failure,0.86,True
4291.0,alternator_failure,0.8606666666666667,True
4292.0,alternator_failure,0.8613333333333333,True
4293.0,alternator_failure,0.862,True
4294.0,alternator_failure,0.8626666666666667,True
4295.0,alternator_failure,0.8633333333333333,True
4296.0,alternator_failure,0.864,True
4297.0,alternator_failure,0.8646666666666667,True
4298.0,alternator_failure,0.8653333333333333,True
4299.0,alternator_failure,0.866,True
4300.0,alternator_failure,0.8666666666666667,True
4301.0,alternator_failure,0.8673333333333333,True
4302.0,alternator_failure,0.868,True
4303.0,alternator_failure,0.8686666666666667,True
4304.0,alternator_failure,0.8693333333333333,True
4305.0,alternator_failure,0.87,True
4306.0,alternator_failure,0.8706666666666667,True
4307.0,alternator_failure,0.8713333333333333,True
4308.0,alternator_failure,0.872,True
4309.0,alternator_failure,0.8726666666666667,True
4310.0,alternator_failure,0.8733333333333333,True
4311.0,alternator_failure,0.874,True
4312.0,alternator_failure,0.8746666666666667,True
4313.0,alternator_failure,0.8753333333333333,True
4314.0,alternator_failure,0.876,True
4315.0,alternator_failure,0.8766666666666667,True
4316.0,alternator_failure,0.8773333333333333,True
4317.0,alternator_failure,0.878,True
4318.0,alternator_failure,0.8786666666666667,True
4319.0,alternator_failure,0.8793333333333333,True
4320.0,alternator_failure,0.88,True
4321.0,alternator_failure,0.8806666666666667,True
4322.0,alternator_failure,0.8813333333333333,True
4323.0,alternator_failure,0.882,True
4324.0,alternator_failure,0.8826666666666667,True
4325.0,alternator_failure,0.8833333333333333,True
4326.0,alternator_failure,0.884,True
4327.0,alternator_failure,0.8846666666666667,True
4328.0,alternator_failure,0.8853333333333333,True
4329.0,alternator_failure,0.886,True
4330.0,alternator_failure,0.8866666666666667,True
4331.0,alternator_failure,0.8873333333333333,True
4332.0,alternator_failure,0.888,True
4333.0,alternator_failure,0.8886666666666667,True
4334.0,alternator_failure,0.8893333333333333,True
4335.0,alternator_failure,0.89,True
4336.0,alternator_failure,0.8906666666666667,True
4337.0,alternator_failure,0.8913333333333333,True
4338.0,alternator_failure,0.892,True
4339.0,alternator_failure,0.8926666666666667,True
4340.0,alternator_failure,0.8933333333333333,True
4341.0,alternator_failure,0.894,True
4342.0,alternator_failure,0.8946666666666667,True
4343.0,alternator_failure,0.8953333333333333,True
4344.0,alternator_failure,0.896,True
4345.0,alternator_failure,0.8966666666666666,True
4346.0,alternator_failure,0.8973333333333333,True
4347.0,alternator_failure,0.898,True
4348.0,alternator_failure,0.8986666666666666,True
4349.0,alternator_failure,0.8993333333333333,True
4350.0,alternator_failure,0.9,True
4351.0,alternator_failure,0.9006666666666666,True
4352.0,alternator_failure,0.9013333333333333,True
4353.0,alternator_failure,0.902,True
4354.0,alternator_failure,0.9026666666666666,True
4355.0,alternator_failure,0.9033333333333333,True
4356.0,alternator_failure,0.904,True
4357.0,alternator_failure,0.9046666666666666,True
4358.0,alternator_failure,0.9053333333333333,True
4359.0,alternator_failure,0.906,True
4360.0,alternator_failure,0.9066666666666666,True
4361.0,alternator_failure,0.9073333333333333,True
4362.0,alternator_failure,0.908,True
4363.0,alternator_failure,0.9086666666666666,True
4364.0,alternator_failure,0.9093333333333333,True
4365.0,alternator_failure,0.91,True
4366.0,alternator_failure,0.9106666666666666,True
4367.0,alternator_failure,0.9113333333333333,True
4368.0,alternator_failure,0.912,True
4369.0,alternator_failure,0.9126666666666666,True
4370.0,alternator_failure,0.9133333333333333,True
4371.0,alternator_failure,0.914,True
4372.0,alternator_failure,0.9146666666666666,True
4373.0,alternator_failure,0.9153333333333333,True
4374.0,alternator_failure,0.916,True
4375.0,alternator_failure,0.9166666666666666,True
4376.0,alternator_failure,0.9173333333333333,True
4377.0,alternator_failure,0.918,True
4378.0,alternator_failure,0.9186666666666666,True
4379.0,alternator_failure,0.9193333333333333,True
4380.0,alternator_failure,0.92,True
4381.0,alternator_failure,0.9206666666666666,True
4382.0,alternator_failure,0.9213333333333333,True
4383.0,alternator_failure,0.922,True
4384.0,alternator_failure,0.9226666666666666,True
4385.0,alternator_failure,0.9233333333333333,True
4386.0,alternator_failure,0.924,True
4387.0,alternator_failure,0.9246666666666666,True
4388.0,alternator_failure,0.9253333333333333,True
4389.0,alternator_failure,0.926,True
4390.0,alternator_failure,0.9266666666666666,True
4391.0,alternator_failure,0.9273333333333333,True
4392.0,alternator_failure,0.928,True
4393.0,alternator_failure,0.9286666666666666,True
4394.0,alternator_failure,0.9293333333333333,True
4395.0,alternator_failure,0.93,True
4396.0,alternator_failure,0.9306666666666666,True
4397.0,alternator_failure,0.9313333333333333,True
4398.0,alternator_failure,0.932,True
4399.0,alternator_failure,0.9326666666666666,True
4400.0,alternator_failure,0.9333333333333333,True
4401.0,alternator_failure,0.934,True
4402.0,alternator_failure,0.9346666666666666,True
4403.0,alternator_failure,0.9353333333333333,True
4404.0,alternator_failure,0.936,True
4405.0,alternator_failure,0.9366666666666666,True
4406.0,alternator_failure,0.9373333333333334,True
4407.0,alternator_failure,0.938,True
4408.0,alternator_failure,0.9386666666666666,True
4409.0,alternator_failure,0.9393333333333334,True
4410.0,alternator_failure,0.94,True
4411.0,alternator_failure,0.9406666666666667,True
4412.0,alternator_failure,0.9413333333333334,True
4413.0,alternator_failure,0.942,True
4414.0,alternator_failure,0.9426666666666667,True
4415.0,alternator_failure,0.9433333333333334,True
4416.0,alternator_failure,0.944,True
4417.0,alternator_failure,0.9446666666666667,True
4418.0,alternator_failure,0.9453333333333334,True
4419.0,alternator_failure,0.946,True
4420.0,alternator_failure,0.9466666666666667,True
4421.0,alternator_failure,0.9473333333333334,True
4422.0,alternator_failure,0.948,True
4423.0,alternator_failure,0.9486666666666667,True
4424.0,alternator_failure,0.9493333333333334,True
4425.0,alternator_failure,0.95,True
4426.0,alternator_failure,0.9506666666666667,True
4427.0,alternator_failure,0.9513333333333334,True
4428.0,alternator_failure,0.952,True
4429.0,alternator_failure,0.9526666666666667,True
4430.0,alternator_failure,0.9533333333333334,True
4431.0,alternator_failure,0.954,True
4432.0,alternator_failure,0.9546666666666667,True
4433.0,alternator_failure,0.9553333333333334,True
4434.0,alternator_failure,0.956,True
4435.0,alternator_failure,0.9566666666666667,True
4436.0,alternator_failure,0.9573333333333334,True
4437.0,alternator_failure,0.958,True
4438.0,alternator_failure,0.9586666666666667,True
4439.0,alternator_failure,0.9593333333333334,True
4440.0,alternator_failure,0.96,True
4441.0,alternator_failure,0.9606666666666667,True
4442.0,alternator_failure,0.9613333333333334,True
4443.0,alternator_failure,0.962,True
4444.0,alternator_failure,0.9626666666666667,True
4445.0,alternator_failure,0.9633333333333334,True
4446.0,alternator_failure,0.964,True
4447.0,alternator_failure,0.9646666666666667,True
4448.0,alternator_failure,0.9653333333333334,True
4449.0,alternator_failure,0.966,True
4450.0,alternator_failure,0.9666666666666667,True
4451.0,alternator_failure,0.9673333333333334,True
4452.0,alternator_failure,0.968,True
4453.0,alternator_failure,0.9686666666666667,True
4454.0,alternator_failure,0.9693333333333334,True
4455.0,alternator_failure,0.97,True
4456.0,alternator_failure,0.9706666666666667,True
4457.0,alternator_failure,0.9713333333333334,True
4458.0,alternator_failure,0.972,True
4459.0,alternator_failure,0.9726666666666667,True
4460.0,alternator_failure,0.9733333333333334,True
4461.0,alternator_failure,0.974,True
4462.0,alternator_failure,0.9746666666666667,True
4463.0,alternator_failure,0.9753333333333334,True
4464.0,alternator_failure,0.976,True
4465.0,alternator_failure,0.9766666666666667,True
4466.0,alternator_failure,0.9773333333333334,True
4467.0,alternator_failure,0.978,True
4468.0,alternator_failure,0.9786666666666667,True
4469.0,alternator_failure,0.9793333333333333,True
4470.0,alternator_failure,0.98,True
4471.0,alternator_failure,0.9806666666666667,True
4472.0,alternator_failure,0.9813333333333333,True
4473.0,alternator_failure,0.982,True
4474.0,alternator_failure,0.9826666666666667,True
4475.0,alternator_failure,0.9833333333333333,True
4476.0,alternator_failure,0.984,True
4477.0,alternator_failure,0.9846666666666667,True
4478.0,alternator_failure,0.9853333333333333,True
4479.0,alternator_failure,0.986,True
4480.0,alternator_failure,0.9866666666666667,True
4481.0,alternator_failure,0.9873333333333333,True
4482.0,alternator_failure,0.988,True
4483.0,alternator_failure,0.9886666666666667,True
4484.0,alternator_failure,0.9893333333333333,True
4485.0,alternator_failure,0.99,True
4486.0,alternator_failure,0.9906666666666667,True
4487.0,alternator_failure,0.9913333333333333,True
4488.0,alternator_failure,0.992,True
4489.0,alternator_failure,0.9926666666666667,True
4490.0,alternator_failure,0.9933333333333333,True
4491.0,alternator_failure,0.994,True
4492.0,alternator_failure,0.9946666666666667,True
4493.0,alternator_failure,0.9953333333333333,True
4494.0,alternator_failure,0.996,True
4495.0,alternator_failure,0.9966666666666667,True
4496.0,alternator_failure,0.9973333333333333,True
4497.0,alternator_failure,0.998,True
4498.0,alternator_failure,0.9986666666666667,True
4499.0,alternator_failure,0.9993333333333333,True
4500.0,alternator_failure,1.0,True
4501.0,alternator_failure,1.0,True
4502.0,alternator_failure,1.0,True
4503.0,alternator_failure,1.0,True
4504.0,alternator_failure,1.0,True
4505.0,alternator_failure,1.0,True
4506.0,alternator_failure,1.0,True
4507.0,alternator_failure,1.0,True
4508.0,alternator_failure,1.0,True
4509.0,alternator_failure,1.0,True
4510.0,alternator_failure,1.0,True
4511.0,alternator_failure,1.0,True
4512.0,alternator_failure,1.0,True
4513.0,alternator_failure,1.0,True
4514.0,alternator_failure,1.0,True
4515.0,alternator_failure,1.0,True
4516.0,alternator_failure,1.0,True
4517.0,alternator_failure,1.0,True
4518.0,alternator_failure,1.0,True
4519.0,alternator_failure,1.0,True
4520.0,alternator_failure,1.0,True
4521.0,alternator_failure,1.0,True
4522.0,alternator_failure,1.0,True
4523.0,alternator_failure,1.0,True
4524.0,alternator_failure,1.0,True
4525.0,alternator_failure,1.0,True
4526.0,alternator_failure,1.0,True
4527.0,alternator_failure,1.0,True
4528.0,alternator_failure,1.0,True
4529.0,alternator_failure,1.0,True
4530.0,alternator_failure,1.0,True
4531.0,alternator_failure,1.0,True
4532.0,alternator_failure,1.0,True
4533.0,alternator_failure,1.0,True
4534.0,alternator_failure,1.0,True
4535.0,alternator_failure,1.0,True
4536.0,alternator_failure,1.0,True
4537.0,alternator_failure,1.0,True
4538.0,alternator_failure,1.0,True
4539.0,alternator_failure,1.0,True
4540.0,alternator_failure,1.0,True
4541.0,alternator_failure,1.0,True
4542.0,alternator_failure,1.0,True
4543.0,alternator_failure,1.0,True
4544.0,alternator_failure,1.0,True
4545.0,alternator_failure,1.0,True
4546.0,alternator_failure,1.0,True
4547.0,alternator_failure,1.0,True
4548.0,alternator_failure,1.0,True
4549.0,alternator_failure,1.0,True
4550.0,alternator_failure,1.0,True
4551.0,alternator_failure,1.0,True
4552.0,alternator_failure,1.0,True
4553.0,alternator_failure,1.0,True
4554.0,alternator_failure,1.0,True
4555.0,alternator_failure,1.0,True
4556.0,alternator_failure,1.0,True
4557.0,alternator_failure,1.0,True
4558.0,alternator_failure,1.0,True
4559.0,alternator_failure,1.0,True
4560.0,alternator_failure,1.0,True
4561.0,alternator_failure,1.0,True
4562.0,alternator_failure,1.0,True
4563.0,alternator_failure,1.0,True
4564.0,alternator_failure,1.0,True
4565.0,alternator_failure,1.0,True
4566.0,alternator_failure,1.0,True
4567.0,alternator_failure,1.0,True
4568.0,alternator_failure,1.0,True
4569.0,alternator_failure,1.0,True
4570.0,alternator_failure,1.0,True
4571.0,alternator_failure,1.0,True
4572.0,alternator_failure,1.0,True
4573.0,alternator_failure,1.0,True
4574.0,alternator_failure,1.0,True
4575.0,alternator_failure,1.0,True
4576.0,alternator_failure,1.0,True
4577.0,alternator_failure,1.0,True
4578.0,alternator_failure,1.0,True
4579.0,alternator_failure,1.0,True
4580.0,alternator_failure,1.0,True
4581.0,alternator_failure,1.0,True
4582.0,alternator_failure,1.0,True
4583.0,alternator_failure,1.0,True
4584.0,alternator_failure,1.0,True
4585.0,alternator_failure,1.0,True
4586.0,alternator_failure,1.0,True
4587.0,alternator_failure,1.0,True
4588.0,alternator_failure,1.0,True
4589.0,alternator_failure,1.0,True
4590.0,alternator_failure,1.0,True
4591.0,alternator_failure,1.0,True
4592.0,alternator_failure,1.0,True
4593.0,alternator_failure,1.0,True
4594.0,alternator_failure,1.0,True
4595.0,alternator_failure,1.0,True
4596.0,alternator_failure,1.0,True
4597.0,alternator_failure,1.0,True
4598.0,alternator_failure,1.0,True
4599.0,alternator_failure,1.0,True
4600.0,alternator_failure,1.0,True
4601.0,alternator_failure,1.0,True
4602.0,alternator_failure,1.0,True
4603.0,alternator_failure,1.0,True
4604.0,alternator_failure,1.0,True
4605.0,alternator_failure,1.0,True
4606.0,alternator_failure,1.0,True
4607.0,alternator_failure,1.0,True
4608.0,alternator_failure,1.0,True
4609.0,alternator_failure,1.0,True
4610.0,alternator_failure,1.0,True
4611.0,alternator_failure,1.0,True
4612.0,alternator_failure,1.0,True
4613.0,alternator_failure,1.0,True
4614.0,alternator_failure,1.0,True
4615.0,alternator_failure,1.0,True
4616.0,alternator_failure,1.0,True
4617.0,alternator_failure,1.0,True
4618.0,alternator_failure,1.0,True
4619.0,alternator_failure,1.0,True
4620.0,alternator_failure,1.0,True
4621.0,alternator_failure,1.0,True
4622.0,alternator_failure,1.0,True
4623.0,alternator_failure,1.0,True
4624.0,alternator_failure,1.0,True
4625.0,alternator_failure,1.0,True
4626.0,alternator_failure,1.0,True
4627.0,alternator_failure,1.0,True
4628.0,alternator_failure,1.0,True
4629.0,alternator_failure,1.0,True
4630.0,alternator_failure,1.0,True
4631.0,alternator_failure,1.0,True
4632.0,alternator_failure,1.0,True
4633.0,alternator_failure,1.0,True
4634.0,alternator_failure,1.0,True
4635.0,alternator_failure,1.0,True
4636.0,alternator_failure,1.0,True
4637.0,alternator_failure,1.0,True
4638.0,alternator_failure,1.0,True
4639.0,alternator_failure,1.0,True
4640.0,alternator_failure,1.0,True
4641.0,alternator_failure,1.0,True
4642.0,alternator_failure,1.0,True
4643.0,alternator_failure,1.0,True
4644.0,alternator_failure,1.0,True
4645.0,alternator_failure,1.0,True
4646.0,alternator_failure,1.0,True
4647.0,alternator_failure,1.0,True
4648.0,alternator_failure,1.0,True
4649.0,alternator_failure,1.0,True
4650.0,alternator_failure,1.0,True
4651.0,alternator_failure,1.0,True
4652.0,alternator_failure,1.0,True
4653.0,alternator_failure,1.0,True
4654.0,alternator_failure,1.0,True
4655.0,alternator_failure,1.0,True
4656.0,alternator_failure,1.0,True
4657.0,alternator_failure,1.0,True
4658.0,alternator_failure,1.0,True
4659.0,alternator_failure,1.0,True
4660.0,alternator_failure,1.0,True
4661.0,alternator_failure,1.0,True
4662.0,alternator_failure,1.0,True
4663.0,alternator_failure,1.0,True
4664.0,alternator_failure,1.0,True
4665.0,alternator_failure,1.0,True
4666.0,alternator_failure,1.0,True
4667.0,alternator_failure,1.0,True
4668.0,alternator_failure,1.0,True
4669.0,alternator_failure,1.0,True
4670.0,alternator_failure,1.0,True
4671.0,alternator_failure,1.0,True
4672.0,alternator_failure,1.0,True
4673.0,alternator_failure,1.0,True
4674.0,alternator_failure,1.0,True
4675.0,alternator_failure,1.0,True
4676.0,alternator_failure,1.0,True
4677.0,alternator_failure,1.0,True
4678.0,alternator_failure,1.0,True
4679.0,alternator_failure,1.0,True
4680.0,alternator_failure,1.0,True
4681.0,alternator_failure,1.0,True
4682.0,alternator_failure,1.0,True
4683.0,alternator_failure,1.0,True
4684.0,alternator_failure,1.0,True
4685.0,alternator_failure,1.0,True
4686.0,alternator_failure,1.0,True
4687.0,alternator_failure,1.0,True
4688.0,alternator_failure,1.0,True
4689.0,alternator_failure,1.0,True
4690.0,alternator_failure,1.0,True
4691.0,alternator_failure,1.0,True
4692.0,alternator_failure,1.0,True
4693.0,alternator_failure,1.0,True
4694.0,alternator_failure,1.0,True
4695.0,alternator_failure,1.0,True
4696.0,alternator_failure,1.0,True
4697.0,alternator_failure,1.0,True
4698.0,alternator_failure,1.0,True
4699.0,alternator_failure,1.0,True
4700.0,alternator_failure,1.0,True
4701.0,alternator_failure,1.0,True
4702.0,alternator_failure,1.0,True
4703.0,alternator_failure,1.0,True
4704.0,alternator_failure,1.0,True
4705.0,alternator_failure,1.0,True
4706.0,alternator_failure,1.0,True
4707.0,alternator_failure,1.0,True
4708.0,alternator_failure,1.0,True
4709.0,alternator_failure,1.0,True
4710.0,alternator_failure,1.0,True
4711.0,alternator_failure,1.0,True
4712.0,alternator_failure,1.0,True
4713.0,alternator_failure,1.0,True
4714.0,alternator_failure,1.0,True
4715.0,alternator_failure,1.0,True
4716.0,alternator_failure,1.0,True
4717.0,alternator_failure,1.0,True
4718.0,alternator_failure,1.0,True
4719.0,alternator_failure,1.0,True
4720.0,alternator_failure,1.0,True
4721.0,alternator_failure,1.0,True
4722.0,alternator_failure,1.0,True
4723.0,alternator_failure,1.0,True
4724.0,alternator_failure,1.0,True
4725.0,alternator_failure,1.0,True
4726.0,alternator_failure,1.0,True
4727.0,alternator_failure,1.0,True
4728.0,alternator_failure,1.0,True
4729.0,alternator_failure,1.0,True
4730.0,alternator_failure,1.0,True
4731.0,alternator_failure,1.0,True
4732.0,alternator_failure,1.0,True
4733.0,alternator_failure,1.0,True
4734.0,alternator_failure,1.0,True
4735.0,alternator_failure,1.0,True
4736.0,alternator_failure,1.0,True
4737.0,alternator_failure,1.0,True
4738.0,alternator_failure,1.0,True
4739.0,alternator_failure,1.0,True
4740.0,alternator_failure,1.0,True
4741.0,alternator_failure,1.0,True
4742.0,alternator_failure,1.0,True
4743.0,alternator_failure,1.0,True
4744.0,alternator_failure,1.0,True
4745.0,alternator_failure,1.0,True
4746.0,alternator_failure,1.0,True
4747.0,alternator_failure,1.0,True
4748.0,alternator_failure,1.0,True
4749.0,alternator_failure,1.0,True
4750.0,alternator_failure,1.0,True
4751.0,alternator_failure,1.0,True
4752.0,alternator_failure,1.0,True
4753.0,alternator_failure,1.0,True
4754.0,alternator_failure,1.0,True
4755.0,alternator_failure,1.0,True
4756.0,alternator_failure,1.0,True
4757.0,alternator_failure,1.0,True
4758.0,alternator_failure,1.0,True
4759.0,alternator_failure,1.0,True
4760.0,alternator_failure,1.0,True
4761.0,alternator_failure,1.0,True
4762.0,alternator_failure,1.0,True
4763.0,alternator_failure,1.0,True
4764.0,alternator_failure,1.0,True
4765.0,alternator_failure,1.0,True
4766.0,alternator_failure,1.0,True
4767.0,alternator_failure,1.0,True
4768.0,alternator_failure,1.0,True
4769.0,alternator_failure,1.0,True
4770.0,alternator_failure,1.0,True
4771.0,alternator_failure,1.0,True
4772.0,alternator_failure,1.0,True
4773.0,alternator_failure,1.0,True
4774.0,alternator_failure,1.0,True
4775.0,alternator_failure,1.0,True
4776.0,alternator_failure,1.0,True
4777.0,alternator_failure,1.0,True
4778.0,alternator_failure,1.0,True
4779.0,alternator_failure,1.0,True
4780.0,alternator_failure,1.0,True
4781.0,alternator_failure,1.0,True
4782.0,alternator_failure,1.0,True
4783.0,alternator_failure,1.0,True
4784.0,alternator_failure,1.0,True
4785.0,alternator_failure,1.0,True
4786.0,alternator_failure,1.0,True
4787.0,alternator_failure,1.0,True
4788.0,alternator_failure,1.0,True
4789.0,alternator_failure,1.0,True
4790.0,alternator_failure,1.0,True
4791.0,alternator_failure,1.0,True
4792.0,alternator_failure,1.0,True
4793.0,alternator_failure,1.0,True
4794.0,alternator_failure,1.0,True
4795.0,alternator_failure,1.0,True
4796.0,alternator_failure,1.0,True
4797.0,alternator_failure,1.0,True
4798.0,alternator_failure,1.0,True
4799.0,alternator_failure,1.0,True
4800.0,alternator_failure,1.0,True
4801.0,alternator_failure,1.0,True
4802.0,alternator_failure,1.0,True
4803.0,alternator_failure,1.0,True
4804.0,alternator_failure,1.0,True
4805.0,alternator_failure,1.0,True
4806.0,alternator_failure,1.0,True
4807.0,alternator_failure,1.0,True
4808.0,alternator_failure,1.0,True
4809.0,alternator_failure,1.0,True
4810.0,alternator_failure,1.0,True
4811.0,alternator_failure,1.0,True
4812.0,alternator_failure,1.0,True
4813.0,alternator_failure,1.0,True
4814.0,alternator_failure,1.0,True
4815.0,alternator_failure,1.0,True
4816.0,alternator_failure,1.0,True
4817.0,alternator_failure,1.0,True
4818.0,alternator_failure,1.0,True
4819.0,alternator_failure,1.0,True
4820.0,alternator_failure,1.0,True
4821.0,alternator_failure,1.0,True
4822.0,alternator_failure,1.0,True
4823.0,alternator_failure,1.0,True
4824.0,alternator_failure,1.0,True
4825.0,alternator_failure,1.0,True
4826.0,alternator_failure,1.0,True
4827.0,alternator_failure,1.0,True
4828.0,alternator_failure,1.0,True
4829.0,alternator_failure,1.0,True
4830.0,alternator_failure,1.0,True
4831.0,alternator_failure,1.0,True
4832.0,alternator_failure,1.0,True
4833.0,alternator_failure,1.0,True
4834.0,alternator_failure,1.0,True
4835.0,alternator_failure,1.0,True
4836.0,alternator_failure,1.0,True
4837.0,alternator_failure,1.0,True
4838.0,alternator_failure,1.0,True
4839.0,alternator_failure,1.0,True
4840.0,alternator_failure,1.0,True
4841.0,alternator_failure,1.0,True
4842.0,alternator_failure,1.0,True
4843.0,alternator_failure,1.0,True
4844.0,alternator_failure,1.0,True
4845.0,alternator_failure,1.0,True
4846.0,alternator_failure,1.0,True
4847.0,alternator_failure,1.0,True
4848.0,alternator_failure,1.0,True
4849.0,alternator_failure,1.0,True
4850.0,alternator_failure,1.0,True
4851.0,alternator_failure,1.0,True
4852.0,alternator_failure,1.0,True
4853.0,alternator_failure,1.0,True
4854.0,alternator_failure,1.0,True
4855.0,alternator_failure,1.0,True
4856.0,alternator_failure,1.0,True
4857.0,alternator_failure,1.0,True
4858.0,alternator_failure,1.0,True
4859.0,alternator_failure,1.0,True
4860.0,alternator_failure,1.0,True
4861.0,alternator_failure,1.0,True
4862.0,alternator_failure,1.0,True
4863.0,alternator_failure,1.0,True
4864.0,alternator_failure,1.0,True
4865.0,alternator_failure,1.0,True
4866.0,alternator_failure,1.0,True
4867.0,alternator_failure,1.0,True
4868.0,alternator_failure,1.0,True
4869.0,alternator_failure,1.0,True
4870.0,alternator_failure,1.0,True
4871.0,alternator_failure,1.0,True
4872.0,alternator_failure,1.0,True
4873.0,alternator_failure,1.0,True
4874.0,alternator_failure,1.0,True
4875.0,alternator_failure,1.0,True
4876.0,alternator_failure,1.0,True
4877.0,alternator_failure,1.0,True
4878.0,alternator_failure,1.0,True
4879.0,alternator_failure,1.0,True
4880.0,alternator_failure,1.0,True
4881.0,alternator_failure,1.0,True
4882.0,alternator_failure,1.0,True
4883.0,alternator_failure,1.0,True
4884.0,alternator_failure,1.0,True
4885.0,alternator_failure,1.0,True
4886.0,alternator_failure,1.0,True
4887.0,alternator_failure,1.0,True
4888.0,alternator_failure,1.0,True
4889.0,alternator_failure,1.0,True
4890.0,alternator_failure,1.0,True
4891.0,alternator_failure,1.0,True
4892.0,alternator_failure,1.0,True
4893.0,alternator_failure,1.0,True
4894.0,alternator_failure,1.0,True
4895.0,alternator_failure,1.0,True
4896.0,alternator_failure,1.0,True
4897.0,alternator_failure,1.0,True
4898.0,alternator_failure,1.0,True
4899.0,alternator_failure,1.0,True
4900.0,alternator_failure,1.0,True
4901.0,alternator_failure,1.0,True
4902.0,alternator_failure,1.0,True
4903.0,alternator_failure,1.0,True
4904.0,alternator_failure,1.0,True
4905.0,alternator_failure,1.0,True
4906.0,alternator_failure,1.0,True
4907.0,alternator_failure,1.0,True
4908.0,alternator_failure,1.0,True
4909.0,alternator_failure,1.0,True
4910.0,alternator_failure,1.0,True
4911.0,alternator_failure,1.0,True
4912.0,alternator_failure,1.0,True
4913.0,alternator_failure,1.0,True
4914.0,alternator_failure,1.0,True
4915.0,alternator_failure,1.0,True
4916.0,alternator_failure,1.0,True
4917.0,alternator_failure,1.0,True
4918.0,alternator_failure,1.0,True
4919.0,alternator_failure,1.0,True
4920.0,alternator_failure,1.0,True
4921.0,alternator_failure,1.0,True
4922.0,alternator_failure,1.0,True
4923.0,alternator_failure,1.0,True
4924.0,alternator_failure,1.0,True
4925.0,alternator_failure,1.0,True
4926.0,alternator_failure,1.0,True
4927.0,alternator_failure,1.0,True
4928.0,alternator_failure,1.0,True
4929.0,alternator_failure,1.0,True
4930.0,alternator_failure,1.0,True
4931.0,alternator_failure,1.0,True
4932.0,alternator_failure,1.0,True
4933.0,alternator_failure,1.0,True
4934.0,alternator_failure,1.0,True
4935.0,alternator_failure,1.0,True
4936.0,alternator_failure,1.0,True
4937.0,alternator_failure,1.0,True
4938.0,alternator_failure,1.0,True
4939.0,alternator_failure,1.0,True
4940.0,alternator_failure,1.0,True
4941.0,alternator_failure,1.0,True
4942.0,alternator_failure,1.0,True
4943.0,alternator_failure,1.0,True
4944.0,alternator_failure,1.0,True
4945.0,alternator_failure,1.0,True
4946.0,alternator_failure,1.0,True
4947.0,alternator_failure,1.0,True
4948.0,alternator_failure,1.0,True
4949.0,alternator_failure,1.0,True
4950.0,alternator_failure,1.0,True
4951.0,alternator_failure,1.0,True
4952.0,alternator_failure,1.0,True
4953.0,alternator_failure,1.0,True
4954.0,alternator_failure,1.0,True
4955.0,alternator_failure,1.0,True
4956.0,alternator_failure,1.0,True
4957.0,alternator_failure,1.0,True
4958.0,alternator_failure,1.0,True
4959.0,alternator_failure,1.0,True
4960.0,alternator_failure,1.0,True
4961.0,alternator_failure,1.0,True
4962.0,alternator_failure,1.0,True
4963.0,alternator_failure,1.0,True
4964.0,alternator_failure,1.0,True
4965.0,alternator_failure,1.0,True
4966.0,alternator_failure,1.0,True
4967.0,alternator_failure,1.0,True
4968.0,alternator_failure,1.0,True
4969.0,alternator_failure,1.0,True
4970.0,alternator_failure,1.0,True
4971.0,alternator_failure,1.0,True
4972.0,alternator_failure,1.0,True
4973.0,alternator_failure,1.0,True
4974.0,alternator_failure,1.0,True
4975.0,alternator_failure,1.0,True
4976.0,alternator_failure,1.0,True
4977.0,alternator_failure,1.0,True
4978.0,alternator_failure,1.0,True
4979.0,alternator_failure,1.0,True
4980.0,alternator_failure,1.0,True
4981.0,alternator_failure,1.0,True
4982.0,alternator_failure,1.0,True
4983.0,alternator_failure,1.0,True
4984.0,alternator_failure,1.0,True
4985.0,alternator_failure,1.0,True
4986.0,alternator_failure,1.0,True
4987.0,alternator_failure,1.0,True
4988.0,alternator_failure,1.0,True
4989.0,alternator_failure,1.0,True
4990.0,alternator_failure,1.0,True
4991.0,alternator_failure,1.0,True
4992.0,alternator_failure,1.0,True
4993.0,alternator_failure,1.0,True
4994.0,alternator_failure,1.0,True
4995.0,alternator_failure,1.0,True
4996.0,alternator_failure,1.0,True
4997.0,alternator_failure,1.0,True
4998.0,alternator_failure,1.0,True
4999.0,alternator_failure,1.0,True
5000.0,alternator_failure,1.0,True
5001.0,alternator_failure,1.0,True
5002.0,alternator_failure,1.0,True
5003.0,alternator_failure,1.0,True
5004.0,alternator_failure,1.0,True
5005.0,alternator_failure,1.0,True
5006.0,alternator_failure,1.0,True
5007.0,alternator_failure,1.0,True
5008.0,alternator_failure,1.0,True
5009.0,alternator_failure,1.0,True
5010.0,alternator_failure,1.0,True
5011.0,alternator_failure,1.0,True
5012.0,alternator_failure,1.0,True
5013.0,alternator_failure,1.0,True
5014.0,alternator_failure,1.0,True
5015.0,alternator_failure,1.0,True
5016.0,alternator_failure,1.0,True
5017.0,alternator_failure,1.0,True
5018.0,alternator_failure,1.0,True
5019.0,alternator_failure,1.0,True
5020.0,alternator_failure,1.0,True
5021.0,alternator_failure,1.0,True
5022.0,alternator_failure,1.0,True
5023.0,alternator_failure,1.0,True
5024.0,alternator_failure,1.0,True
5025.0,alternator_failure,1.0,True
5026.0,alternator_failure,1.0,True
5027.0,alternator_failure,1.0,True
5028.0,alternator_failure,1.0,True
5029.0,alternator_failure,1.0,True
5030.0,alternator_failure,1.0,True
5031.0,alternator_failure,1.0,True
5032.0,alternator_failure,1.0,True
5033.0,alternator_failure,1.0,True
5034.0,alternator_failure,1.0,True
5035.0,alternator_failure,1.0,True
5036.0,alternator_failure,1.0,True
5037.0,alternator_failure,1.0,True
5038.0,alternator_failure,1.0,True
5039.0,alternator_failure,1.0,True
5040.0,alternator_failure,1.0,True
5041.0,alternator_failure,1.0,True
5042.0,alternator_failure,1.0,True
5043.0,alternator_failure,1.0,True
5044.0,alternator_failure,1.0,True
5045.0,alternator_failure,1.0,True
5046.0,alternator_failure,1.0,True
5047.0,alternator_failure,1.0,True
5048.0,alternator_failure,1.0,True
5049.0,alternator_failure,1.0,True
5050.0,alternator_failure,1.0,True
5051.0,alternator_failure,1.0,True
5052.0,alternator_failure,1.0,True
5053.0,alternator_failure,1.0,True
5054.0,alternator_failure,1.0,True
5055.0,alternator_failure,1.0,True
5056.0,alternator_failure,1.0,True
5057.0,alternator_failure,1.0,True
5058.0,alternator_failure,1.0,True
5059.0,alternator_failure,1.0,True
5060.0,alternator_failure,1.0,True
5061.0,alternator_failure,1.0,True
5062.0,alternator_failure,1.0,True
5063.0,alternator_failure,1.0,True
5064.0,alternator_failure,1.0,True
5065.0,alternator_failure,1.0,True
5066.0,alternator_failure,1.0,True
5067.0,alternator_failure,1.0,True
5068.0,alternator_failure,1.0,True
5069.0,alternator_failure,1.0,True
5070.0,alternator_failure,1.0,True
5071.0,alternator_failure,1.0,True
5072.0,alternator_failure,1.0,True
5073.0,alternator_failure,1.0,True
5074.0,alternator_failure,1.0,True
5075.0,alternator_failure,1.0,True
5076.0,alternator_failure,1.0,True
5077.0,alternator_failure,1.0,True
5078.0,alternator_failure,1.0,True
5079.0,alternator_failure,1.0,True
5080.0,alternator_failure,1.0,True
5081.0,alternator_failure,1.0,True
5082.0,alternator_failure,1.0,True
5083.0,alternator_failure,1.0,True
5084.0,alternator_failure,1.0,True
5085.0,alternator_failure,1.0,True
5086.0,alternator_failure,1.0,True
5087.0,alternator_failure,1.0,True
5088.0,alternator_failure,1.0,True
5089.0,alternator_failure,1.0,True
5090.0,alternator_failure,1.0,True
5091.0,alternator_failure,1.0,True
5092.0,alternator_failure,1.0,True
5093.0,alternator_failure,1.0,True
5094.0,alternator_failure,1.0,True
5095.0,alternator_failure,1.0,True
5096.0,alternator_failure,1.0,True
5097.0,alternator_failure,1.0,True
5098.0,alternator_failure,1.0,True
5099.0,alternator_failure,1.0,True
5100.0,alternator_failure,1.0,True
5101.0,alternator_failure,1.0,True
5102.0,alternator_failure,1.0,True
5103.0,alternator_failure,1.0,True
5104.0,alternator_failure,1.0,True
5105.0,alternator_failure,1.0,True
5106.0,alternator_failure,1.0,True
5107.0,alternator_failure,1.0,True
5108.0,alternator_failure,1.0,True
5109.0,alternator_failure,1.0,True
5110.0,alternator_failure,1.0,True
5111.0,alternator_failure,1.0,True
5112.0,alternator_failure,1.0,True
5113.0,alternator_failure,1.0,True
5114.0,alternator_failure,1.0,True
5115.0,alternator_failure,1.0,True
5116.0,alternator_failure,1.0,True
5117.0,alternator_failure,1.0,True
5118.0,alternator_failure,1.0,True
5119.0,alternator_failure,1.0,True
5120.0,alternator_failure,1.0,True
5121.0,alternator_failure,1.0,True
5122.0,alternator_failure,1.0,True
5123.0,alternator_failure,1.0,True
5124.0,alternator_failure,1.0,True
5125.0,alternator_failure,1.0,True
5126.0,alternator_failure,1.0,True
5127.0,alternator_failure,1.0,True
5128.0,alternator_failure,1.0,True
5129.0,alternator_failure,1.0,True
5130.0,alternator_failure,1.0,True
5131.0,alternator_failure,1.0,True
5132.0,alternator_failure,1.0,True
5133.0,alternator_failure,1.0,True
5134.0,alternator_failure,1.0,True
5135.0,alternator_failure,1.0,True
5136.0,alternator_failure,1.0,True
5137.0,alternator_failure,1.0,True
5138.0,alternator_failure,1.0,True
5139.0,alternator_failure,1.0,True
5140.0,alternator_failure,1.0,True
5141.0,alternator_failure,1.0,True
5142.0,alternator_failure,1.0,True
5143.0,alternator_failure,1.0,True
5144.0,alternator_failure,1.0,True
5145.0,alternator_failure,1.0,True
5146.0,alternator_failure,1.0,True
5147.0,alternator_failure,1.0,True
5148.0,alternator_failure,1.0,True
5149.0,alternator_failure,1.0,True
5150.0,alternator_failure,1.0,True
5151.0,alternator_failure,1.0,True
5152.0,alternator_failure,1.0,True
5153.0,alternator_failure,1.0,True
5154.0,alternator_failure,1.0,True
5155.0,alternator_failure,1.0,True
5156.0,alternator_failure,1.0,True
5157.0,alternator_failure,1.0,True
5158.0,alternator_failure,1.0,True
5159.0,alternator_failure,1.0,True
5160.0,alternator_failure,1.0,True
5161.0,alternator_failure,1.0,True
5162.0,alternator_failure,1.0,True
5163.0,alternator_failure,1.0,True
5164.0,alternator_failure,1.0,True
5165.0,alternator_failure,1.0,True
5166.0,alternator_failure,1.0,True
5167.0,alternator_failure,1.0,True
5168.0,alternator_failure,1.0,True
5169.0,alternator_failure,1.0,True
5170.0,alternator_failure,1.0,True
5171.0,alternator_failure,1.0,True
5172.0,alternator_failure,1.0,True
5173.0,alternator_failure,1.0,True
5174.0,alternator_failure,1.0,True
5175.0,alternator_failure,1.0,True
5176.0,alternator_failure,1.0,True
5177.0,alternator_failure,1.0,True
5178.0,alternator_failure,1.0,True
5179.0,alternator_failure,1.0,True
5180.0,alternator_failure,1.0,True
5181.0,alternator_failure,1.0,True
5182.0,alternator_failure,1.0,True
5183.0,alternator_failure,1.0,True
5184.0,alternator_failure,1.0,True
5185.0,alternator_failure,1.0,True
5186.0,alternator_failure,1.0,True
5187.0,alternator_failure,1.0,True
5188.0,alternator_failure,1.0,True
5189.0,alternator_failure,1.0,True
5190.0,alternator_failure,1.0,True
5191.0,alternator_failure,1.0,True
5192.0,alternator_failure,1.0,True
5193.0,alternator_failure,1.0,True
5194.0,alternator_failure,1.0,True
5195.0,alternator_failure,1.0,True
5196.0,alternator_failure,1.0,True
5197.0,alternator_failure,1.0,True
5198.0,alternator_failure,1.0,True
5199.0,alternator_failure,1.0,True
5200.0,alternator_failure,1.0,True
5201.0,alternator_failure,1.0,True
5202.0,alternator_failure,1.0,True
5203.0,alternator_failure,1.0,True
5204.0,alternator_failure,1.0,True
5205.0,alternator_failure,1.0,True
5206.0,alternator_failure,1.0,True
5207.0,alternator_failure,1.0,True
5208.0,alternator_failure,1.0,True
5209.0,alternator_failure,1.0,True
5210.0,alternator_failure,1.0,True
5211.0,alternator_failure,1.0,True
5212.0,alternator_failure,1.0,True
5213.0,alternator_failure,1.0,True
5214.0,alternator_failure,1.0,True
5215.0,alternator_failure,1.0,True
5216.0,alternator_failure,1.0,True
5217.0,alternator_failure,1.0,True
5218.0,alternator_failure,1.0,True
5219.0,alternator_failure,1.0,True
5220.0,alternator_failure,1.0,True
5221.0,alternator_failure,1.0,True
5222.0,alternator_failure,1.0,True
5223.0,alternator_failure,1.0,True
5224.0,alternator_failure,1.0,True
5225.0,alternator_failure,1.0,True
5226.0,alternator_failure,1.0,True
5227.0,alternator_failure,1.0,True
5228.0,alternator_failure,1.0,True
5229.0,alternator_failure,1.0,True
5230.0,alternator_failure,1.0,True
5231.0,alternator_failure,1.0,True
5232.0,alternator_failure,1.0,True
5233.0,alternator_failure,1.0,True
5234.0,alternator_failure,1.0,True
5235.0,alternator_failure,1.0,True
5236.0,alternator_failure,1.0,True
5237.0,alternator_failure,1.0,True
5238.0,alternator_failure,1.0,True
5239.0,alternator_failure,1.0,True
5240.0,alternator_failure,1.0,True
5241.0,alternator_failure,1.0,True
5242.0,alternator_failure,1.0,True
5243.0,alternator_failure,1.0,True
5244.0,alternator_failure,1.0,True
5245.0,alternator_failure,1.0,True
5246.0,alternator_failure,1.0,True
5247.0,alternator_failure,1.0,True
5248.0,alternator_failure,1.0,True
5249.0,alternator_failure,1.0,True
5250.0,alternator_failure,1.0,True
5251.0,alternator_failure,1.0,True
5252.0,alternator_failure,1.0,True
5253.0,alternator_failure,1.0,True
5254.0,alternator_failure,1.0,True
5255.0,alternator_failure,1.0,True
5256.0,alternator_failure,1.0,True
5257.0,alternator_failure,1.0,True
5258.0,alternator_failure,1.0,True
5259.0,alternator_failure,1.0,True
5260.0,alternator_failure,1.0,True
5261.0,alternator_failure,1.0,True
5262.0,alternator_failure,1.0,True
5263.0,alternator_failure,1.0,True
5264.0,alternator_failure,1.0,True
5265.0,alternator_failure,1.0,True
5266.0,alternator_failure,1.0,True
5267.0,alternator_failure,1.0,True
5268.0,alternator_failure,1.0,True
5269.0,alternator_failure,1.0,True
5270.0,alternator_failure,1.0,True
5271.0,alternator_failure,1.0,True
5272.0,alternator_failure,1.0,True
5273.0,alternator_failure,1.0,True
5274.0,alternator_failure,1.0,True
5275.0,alternator_failure,1.0,True
5276.0,alternator_failure,1.0,True
5277.0,alternator_failure,1.0,True
5278.0,alternator_failure,1.0,True
5279.0,alternator_failure,1.0,True
5280.0,alternator_failure,1.0,True
5281.0,alternator_failure,1.0,True
5282.0,alternator_failure,1.0,True
5283.0,alternator_failure,1.0,True
5284.0,alternator_failure,1.0,True
5285.0,alternator_failure,1.0,True
5286.0,alternator_failure,1.0,True
5287.0,alternator_failure,1.0,True
5288.0,alternator_failure,1.0,True
5289.0,alternator_failure,1.0,True
5290.0,alternator_failure,1.0,True
5291.0,alternator_failure,1.0,True
5292.0,alternator_failure,1.0,True
5293.0,alternator_failure,1.0,True
5294.0,alternator_failure,1.0,True
5295.0,alternator_failure,1.0,True
5296.0,alternator_failure,1.0,True
5297.0,alternator_failure,1.0,True
5298.0,alternator_failure,1.0,True
5299.0,alternator_failure,1.0,True
5300.0,alternator_failure,1.0,True
5301.0,alternator_failure,1.0,True
5302.0,alternator_failure,1.0,True
5303.0,alternator_failure,1.0,True
5304.0,alternator_failure,1.0,True
5305.0,alternator_failure,1.0,True
5306.0,alternator_failure,1.0,True
5307.0,alternator_failure,1.0,True
5308.0,alternator_failure,1.0,True
5309.0,alternator_failure,1.0,True
5310.0,alternator_failure,1.0,True
5311.0,alternator_failure,1.0,True
5312.0,alternator_failure,1.0,True
5313.0,alternator_failure,1.0,True
5314.0,alternator_failure,1.0,True
5315.0,alternator_failure,1.0,True
5316.0,alternator_failure,1.0,True
5317.0,alternator_failure,1.0,True
5318.0,alternator_failure,1.0,True
5319.0,alternator_failure,1.0,True
5320.0,alternator_failure,1.0,True
5321.0,alternator_failure,1.0,True
5322.0,alternator_failure,1.0,True
5323.0,alternator_failure,1.0,True
5324.0,alternator_failure,1.0,True
5325.0,alternator_failure,1.0,True
5326.0,alternator_failure,1.0,True
5327.0,alternator_failure,1.0,True
5328.0,alternator_failure,1.0,True
5329.0,alternator_failure,1.0,True
5330.0,alternator_failure,1.0,True
5331.0,alternator_failure,1.0,True
5332.0,alternator_failure,1.0,True
5333.0,alternator_failure,1.0,True
5334.0,alternator_failure,1.0,True
5335.0,alternator_failure,1.0,True
5336.0,alternator_failure,1.0,True
5337.0,alternator_failure,1.0,True
5338.0,alternator_failure,1.0,True
5339.0,alternator_failure,1.0,True
5340.0,alternator_failure,1.0,True
5341.0,alternator_failure,1.0,True
5342.0,alternator_failure,1.0,True
5343.0,alternator_failure,1.0,True
5344.0,alternator_failure,1.0,True
5345.0,alternator_failure,1.0,True
5346.0,alternator_failure,1.0,True
5347.0,alternator_failure,1.0,True
5348.0,alternator_failure,1.0,True
5349.0,alternator_failure,1.0,True
5350.0,alternator_failure,1.0,True
5351.0,alternator_failure,1.0,True
5352.0,alternator_failure,1.0,True
5353.0,alternator_failure,1.0,True
5354.0,alternator_failure,1.0,True
5355.0,alternator_failure,1.0,True
5356.0,alternator_failure,1.0,True
5357.0,alternator_failure,1.0,True
5358.0,alternator_failure,1.0,True
5359.0,alternator_failure,1.0,True
5360.0,alternator_failure,1.0,True
5361.0,alternator_failure,1.0,True
5362.0,alternator_failure,1.0,True
5363.0,alternator_failure,1.0,True
5364.0,alternator_failure,1.0,True
5365.0,alternator_failure,1.0,True
5366.0,alternator_failure,1.0,True
5367.0,alternator_failure,1.0,True
5368.0,alternator_failure,1.0,True
5369.0,alternator_failure,1.0,True
5370.0,alternator_failure,1.0,True
5371.0,alternator_failure,1.0,True
5372.0,alternator_failure,1.0,True
5373.0,alternator_failure,1.0,True
5374.0,alternator_failure,1.0,True
5375.0,alternator_failure,1.0,True
5376.0,alternator_failure,1.0,True
5377.0,alternator_failure,1.0,True
5378.0,alternator_failure,1.0,True
5379.0,alternator_failure,1.0,True
5380.0,alternator_failure,1.0,True
5381.0,alternator_failure,1.0,True
5382.0,alternator_failure,1.0,True
5383.0,alternator_failure,1.0,True
5384.0,alternator_failure,1.0,True
5385.0,alternator_failure,1.0,True
5386.0,alternator_failure,1.0,True
5387.0,alternator_failure,1.0,True
5388.0,alternator_failure,1.0,True
5389.0,alternator_failure,1.0,True
5390.0,alternator_failure,1.0,True
5391.0,alternator_failure,1.0,True
5392.0,alternator_failure,1.0,True
5393.0,alternator_failure,1.0,True
5394.0,alternator_failure,1.0,True
5395.0,alternator_failure,1.0,True
5396.0,alternator_failure,1.0,True
5397.0,alternator_failure,1.0,True
5398.0,alternator_failure,1.0,True
5399.0,alternator_failure,1.0,True
5400.0,alternator_failure,1.0,True
5401.0,alternator_failure,1.0,True
5402.0,alternator_failure,1.0,True
5403.0,alternator_failure,1.0,True
5404.0,alternator_failure,1.0,True
5405.0,alternator_failure,1.0,True
5406.0,alternator_failure,1.0,True
5407.0,alternator_failure,1.0,True
5408.0,alternator_failure,1.0,True
5409.0,alternator_failure,1.0,True
5410.0,alternator_failure,1.0,True
5411.0,alternator_failure,1.0,True
5412.0,alternator_failure,1.0,True
5413.0,alternator_failure,1.0,True
5414.0,alternator_failure,1.0,True
5415.0,alternator_failure,1.0,True
5416.0,alternator_failure,1.0,True
5417.0,alternator_failure,1.0,True
5418.0,alternator_failure,1.0,True
5419.0,alternator_failure,1.0,True
5420.0,alternator_failure,1.0,True
5421.0,alternator_failure,1.0,True
5422.0,alternator_failure,1.0,True
5423.0,alternator_failure,1.0,True
5424.0,alternator_failure,1.0,True
5425.0,alternator_failure,1.0,True
5426.0,alternator_failure,1.0,True
5427.0,alternator_failure,1.0,True
5428.0,alternator_failure,1.0,True
5429.0,alternator_failure,1.0,True
5430.0,alternator_failure,1.0,True
5431.0,alternator_failure,1.0,True
5432.0,alternator_failure,1.0,True
5433.0,alternator_failure,1.0,True
5434.0,alternator_failure,1.0,True
5435.0,alternator_failure,1.0,True
5436.0,alternator_failure,1.0,True
5437.0,alternator_failure,1.0,True
5438.0,alternator_failure,1.0,True
5439.0,alternator_failure,1.0,True
5440.0,alternator_failure,1.0,True
5441.0,alternator_failure,1.0,True
5442.0,alternator_failure,1.0,True
5443.0,alternator_failure,1.0,True
5444.0,alternator_failure,1.0,True
5445.0,alternator_failure,1.0,True
5446.0,alternator_failure,1.0,True
5447.0,alternator_failure,1.0,True
5448.0,alternator_failure,1.0,True
5449.0,alternator_failure,1.0,True
5450.0,alternator_failure,1.0,True
5451.0,alternator_failure,1.0,True
5452.0,alternator_failure,1.0,True
5453.0,alternator_failure,1.0,True
5454.0,alternator_failure,1.0,True
5455.0,alternator_failure,1.0,True
5456.0,alternator_failure,1.0,True
5457.0,alternator_failure,1.0,True
5458.0,alternator_failure,1.0,True
5459.0,alternator_failure,1.0,True
5460.0,alternator_failure,1.0,True
5461.0,alternator_failure,1.0,True
5462.0,alternator_failure,1.0,True
5463.0,alternator_failure,1.0,True
5464.0,alternator_failure,1.0,True
5465.0,alternator_failure,1.0,True
5466.0,alternator_failure,1.0,True
5467.0,alternator_failure,1.0,True
5468.0,alternator_failure,1.0,True
5469.0,alternator_failure,1.0,True
5470.0,alternator_failure,1.0,True
5471.0,alternator_failure,1.0,True
5472.0,alternator_failure,1.0,True
5473.0,alternator_failure,1.0,True
5474.0,alternator_failure,1.0,True
5475.0,alternator_failure,1.0,True
5476.0,alternator_failure,1.0,True
5477.0,alternator_failure,1.0,True
5478.0,alternator_failure,1.0,True
5479.0,alternator_failure,1.0,True
5480.0,alternator_failure,1.0,True
5481.0,alternator_failure,1.0,True
5482.0,alternator_failure,1.0,True
5483.0,alternator_failure,1.0,True
5484.0,alternator_failure,1.0,True
5485.0,alternator_failure,1.0,True
5486.0,alternator_failure,1.0,True
5487.0,alternator_failure,1.0,True
5488.0,alternator_failure,1.0,True
5489.0,alternator_failure,1.0,True
5490.0,alternator_failure,1.0,True
5491.0,alternator_failure,1.0,True
5492.0,alternator_failure,1.0,True
5493.0,alternator_failure,1.0,True
5494.0,alternator_failure,1.0,True
5495.0,alternator_failure,1.0,True
5496.0,alternator_failure,1.0,True
5497.0,alternator_failure,1.0,True
5498.0,alternator_failure,1.0,True
5499.0,alternator_failure,1.0,True
5500.0,alternator_failure,1.0,True
5501.0,alternator_failure,1.0,True
5502.0,alternator_failure,1.0,True
5503.0,alternator_failure,1.0,True
5504.0,alternator_failure,1.0,True
5505.0,alternator_failure,1.0,True
5506.0,alternator_failure,1.0,True
5507.0,alternator_failure,1.0,True
5508.0,alternator_failure,1.0,True
5509.0,alternator_failure,1.0,True
5510.0,alternator_failure,1.0,True
5511.0,alternator_failure,1.0,True
5512.0,alternator_failure,1.0,True
5513.0,alternator_failure,1.0,True
5514.0,alternator_failure,1.0,True
5515.0,alternator_failure,1.0,True
5516.0,alternator_failure,1.0,True
5517.0,alternator_failure,1.0,True
5518.0,alternator_failure,1.0,True
5519.0,alternator_failure,1.0,True
5520.0,alternator_failure,1.0,True
5521.0,alternator_failure,1.0,True
5522.0,alternator_failure,1.0,True
5523.0,alternator_failure,1.0,True
5524.0,alternator_failure,1.0,True
5525.0,alternator_failure,1.0,True
5526.0,alternator_failure,1.0,True
5527.0,alternator_failure,1.0,True
5528.0,alternator_failure,1.0,True
5529.0,alternator_failure,1.0,True
5530.0,alternator_failure,1.0,True
5531.0,alternator_failure,1.0,True
5532.0,alternator_failure,1.0,True
5533.0,alternator_failure,1.0,True
5534.0,alternator_failure,1.0,True
5535.0,alternator_failure,1.0,True
5536.0,alternator_failure,1.0,True
5537.0,alternator_failure,1.0,True
5538.0,alternator_failure,1.0,True
5539.0,alternator_failure,1.0,True
5540.0,alternator_failure,1.0,True
5541.0,alternator_failure,1.0,True
5542.0,alternator_failure,1.0,True
5543.0,alternator_failure,1.0,True
5544.0,alternator_failure,1.0,True
5545.0,alternator_failure,1.0,True
5546.0,alternator_failure,1.0,True
5547.0,alternator_failure,1.0,True
5548.0,alternator_failure,1.0,True
5549.0,alternator_failure,1.0,True
5550.0,alternator_failure,1.0,True
5551.0,alternator_failure,1.0,True
5552.0,alternator_failure,1.0,True
5553.0,alternator_failure,1.0,True
5554.0,alternator_failure,1.0,True
5555.0,alternator_failure,1.0,True
5556.0,alternator_failure,1.0,True
5557.0,alternator_failure,1.0,True
5558.0,alternator_failure,1.0,True
5559.0,alternator_failure,1.0,True
5560.0,alternator_failure,1.0,True
5561.0,alternator_failure,1.0,True
5562.0,alternator_failure,1.0,True
5563.0,alternator_failure,1.0,True
5564.0,alternator_failure,1.0,True
5565.0,alternator_failure,1.0,True
5566.0,alternator_failure,1.0,True
5567.0,alternator_failure,1.0,True
5568.0,alternator_failure,1.0,True
5569.0,alternator_failure,1.0,True
5570.0,alternator_failure,1.0,True
5571.0,alternator_failure,1.0,True
5572.0,alternator_failure,1.0,True
5573.0,alternator_failure,1.0,True
5574.0,alternator_failure,1.0,True
5575.0,alternator_failure,1.0,True
5576.0,alternator_failure,1.0,True
5577.0,alternator_failure,1.0,True
5578.0,alternator_failure,1.0,True
5579.0,alternator_failure,1.0,True
5580.0,alternator_failure,1.0,True
5581.0,alternator_failure,1.0,True
5582.0,alternator_failure,1.0,True
5583.0,alternator_failure,1.0,True
5584.0,alternator_failure,1.0,True
5585.0,alternator_failure,1.0,True
5586.0,alternator_failure,1.0,True
5587.0,alternator_failure,1.0,True
5588.0,alternator_failure,1.0,True
5589.0,alternator_failure,1.0,True
5590.0,alternator_failure,1.0,True
5591.0,alternator_failure,1.0,True
5592.0,alternator_failure,1.0,True
5593.0,alternator_failure,1.0,True
5594.0,alternator_failure,1.0,True
5595.0,alternator_failure,1.0,True
5596.0,alternator_failure,1.0,True
5597.0,alternator_failure,1.0,True
5598.0,alternator_failure,1.0,True
5599.0,alternator_failure,1.0,True
5600.0,alternator_failure,1.0,True
5601.0,alternator_failure,1.0,True
5602.0,alternator_failure,1.0,True
5603.0,alternator_failure,1.0,True
5604.0,alternator_failure,1.0,True
5605.0,alternator_failure,1.0,True
5606.0,alternator_failure,1.0,True
5607.0,alternator_failure,1.0,True
5608.0,alternator_failure,1.0,True
5609.0,alternator_failure,1.0,True
5610.0,alternator_failure,1.0,True
5611.0,alternator_failure,1.0,True
5612.0,alternator_failure,1.0,True
5613.0,alternator_failure,1.0,True
5614.0,alternator_failure,1.0,True
5615.0,alternator_failure,1.0,True
5616.0,alternator_failure,1.0,True
5617.0,alternator_failure,1.0,True
5618.0,alternator_failure,1.0,True
5619.0,alternator_failure,1.0,True
5620.0,alternator_failure,1.0,True
5621.0,alternator_failure,1.0,True
5622.0,alternator_failure,1.0,True
5623.0,alternator_failure,1.0,True
5624.0,alternator_failure,1.0,True
5625.0,alternator_failure,1.0,True
5626.0,alternator_failure,1.0,True
5627.0,alternator_failure,1.0,True
5628.0,alternator_failure,1.0,True
5629.0,alternator_failure,1.0,True
5630.0,alternator_failure,1.0,True
5631.0,alternator_failure,1.0,True
5632.0,alternator_failure,1.0,True
5633.0,alternator_failure,1.0,True
5634.0,alternator_failure,1.0,True
5635.0,alternator_failure,1.0,True
5636.0,alternator_failure,1.0,True
5637.0,alternator_failure,1.0,True
5638.0,alternator_failure,1.0,True
5639.0,alternator_failure,1.0,True
5640.0,alternator_failure,1.0,True
5641.0,alternator_failure,1.0,True
5642.0,alternator_failure,1.0,True
5643.0,alternator_failure,1.0,True
5644.0,alternator_failure,1.0,True
5645.0,alternator_failure,1.0,True
5646.0,alternator_failure,1.0,True
5647.0,alternator_failure,1.0,True
5648.0,alternator_failure,1.0,True
5649.0,alternator_failure,1.0,True
5650.0,alternator_failure,1.0,True
5651.0,alternator_failure,1.0,True
5652.0,alternator_failure,1.0,True
5653.0,alternator_failure,1.0,True
5654.0,alternator_failure,1.0,True
5655.0,alternator_failure,1.0,True
5656.0,alternator_failure,1.0,True
5657.0,alternator_failure,1.0,True
5658.0,alternator_failure,1.0,True
5659.0,alternator_failure,1.0,True
5660.0,alternator_failure,1.0,True
5661.0,alternator_failure,1.0,True
5662.0,alternator_failure,1.0,True
5663.0,alternator_failure,1.0,True
5664.0,alternator_failure,1.0,True
5665.0,alternator_failure,1.0,True
5666.0,alternator_failure,1.0,True
5667.0,alternator_failure,1.0,True
5668.0,alternator_failure,1.0,True
5669.0,alternator_failure,1.0,True
5670.0,alternator_failure,1.0,True
5671.0,alternator_failure,1.0,True
5672.0,alternator_failure,1.0,True
5673.0,alternator_failure,1.0,True
5674.0,alternator_failure,1.0,True
5675.0,alternator_failure,1.0,True
5676.0,alternator_failure,1.0,True
5677.0,alternator_failure,1.0,True
5678.0,alternator_failure,1.0,True
5679.0,alternator_failure,1.0,True
5680.0,alternator_failure,1.0,True
5681.0,alternator_failure,1.0,True
5682.0,alternator_failure,1.0,True
5683.0,alternator_failure,1.0,True
5684.0,alternator_failure,1.0,True
5685.0,alternator_failure,1.0,True
5686.0,alternator_failure,1.0,True
5687.0,alternator_failure,1.0,True
5688.0,alternator_failure,1.0,True
5689.0,alternator_failure,1.0,True
5690.0,alternator_failure,1.0,True
5691.0,alternator_failure,1.0,True
5692.0,alternator_failure,1.0,True
5693.0,alternator_failure,1.0,True
5694.0,alternator_failure,1.0,True
5695.0,alternator_failure,1.0,True
5696.0,alternator_failure,1.0,True
5697.0,alternator_failure,1.0,True
5698.0,alternator_failure,1.0,True
5699.0,alternator_failure,1.0,True
5700.0,alternator_failure,1.0,True
5701.0,alternator_failure,1.0,True
5702.0,alternator_failure,1.0,True
5703.0,alternator_failure,1.0,True
5704.0,alternator_failure,1.0,True
5705.0,alternator_failure,1.0,True
5706.0,alternator_failure,1.0,True
5707.0,alternator_failure,1.0,True
5708.0,alternator_failure,1.0,True
5709.0,alternator_failure,1.0,True
5710.0,alternator_failure,1.0,True
5711.0,alternator_failure,1.0,True
5712.0,alternator_failure,1.0,True
5713.0,alternator_failure,1.0,True
5714.0,alternator_failure,1.0,True
5715.0,alternator_failure,1.0,True
5716.0,alternator_failure,1.0,True
5717.0,alternator_failure,1.0,True
5718.0,alternator_failure,1.0,True
5719.0,alternator_failure,1.0,True
5720.0,alternator_failure,1.0,True
5721.0,alternator_failure,1.0,True
5722.0,alternator_failure,1.0,True
5723.0,alternator_failure,1.0,True
5724.0,alternator_failure,1.0,True
5725.0,alternator_failure,1.0,True
5726.0,alternator_failure,1.0,True
5727.0,alternator_failure,1.0,True
5728.0,alternator_failure,1.0,True
5729.0,alternator_failure,1.0,True
5730.0,alternator_failure,1.0,True
5731.0,alternator_failure,1.0,True
5732.0,alternator_failure,1.0,True
5733.0,alternator_failure,1.0,True
5734.0,alternator_failure,1.0,True
5735.0,alternator_failure,1.0,True
5736.0,alternator_failure,1.0,True
5737.0,alternator_failure,1.0,True
5738.0,alternator_failure,1.0,True
5739.0,alternator_failure,1.0,True
5740.0,alternator_failure,1.0,True
5741.0,alternator_failure,1.0,True
5742.0,alternator_failure,1.0,True
5743.0,alternator_failure,1.0,True
5744.0,alternator_failure,1.0,True
5745.0,alternator_failure,1.0,True
5746.0,alternator_failure,1.0,True
5747.0,alternator_failure,1.0,True
5748.0,alternator_failure,1.0,True
5749.0,alternator_failure,1.0,True
5750.0,alternator_failure,1.0,True
5751.0,alternator_failure,1.0,True
5752.0,alternator_failure,1.0,True
5753.0,alternator_failure,1.0,True
5754.0,alternator_failure,1.0,True
5755.0,alternator_failure,1.0,True
5756.0,alternator_failure,1.0,True
5757.0,alternator_failure,1.0,True
5758.0,alternator_failure,1.0,True
5759.0,alternator_failure,1.0,True
5760.0,alternator_failure,1.0,True
5761.0,alternator_failure,1.0,True
5762.0,alternator_failure,1.0,True
5763.0,alternator_failure,1.0,True
5764.0,alternator_failure,1.0,True
5765.0,alternator_failure,1.0,True
5766.0,alternator_failure,1.0,True
5767.0,alternator_failure,1.0,True
5768.0,alternator_failure,1.0,True
5769.0,alternator_failure,1.0,True
5770.0,alternator_failure,1.0,True
5771.0,alternator_failure,1.0,True
5772.0,alternator_failure,1.0,True
5773.0,alternator_failure,1.0,True
5774.0,alternator_failure,1.0,True
5775.0,alternator_failure,1.0,True
5776.0,alternator_failure,1.0,True
5777.0,alternator_failure,1.0,True
5778.0,alternator_failure,1.0,True
5779.0,alternator_failure,1.0,True
5780.0,alternator_failure,1.0,True
5781.0,alternator_failure,1.0,True
5782.0,alternator_failure,1.0,True
5783.0,alternator_failure,1.0,True
5784.0,alternator_failure,1.0,True
5785.0,alternator_failure,1.0,True
5786.0,alternator_failure,1.0,True
5787.0,alternator_failure,1.0,True
5788.0,alternator_failure,1.0,True
5789.0,alternator_failure,1.0,True
5790.0,alternator_failure,1.0,True
5791.0,alternator_failure,1.0,True
5792.0,alternator_failure,1.0,True
5793.0,alternator_failure,1.0,True
5794.0,alternator_failure,1.0,True
5795.0,alternator_failure,1.0,True
5796.0,alternator_failure,1.0,True
5797.0,alternator_failure,1.0,True
5798.0,alternator_failure,1.0,True
5799.0,alternator_failure,1.0,True
5800.0,alternator_failure,1.0,True
5801.0,alternator_failure,1.0,True
5802.0,alternator_failure,1.0,True
5803.0,alternator_failure,1.0,True
5804.0,alternator_failure,1.0,True
5805.0,alternator_failure,1.0,True
5806.0,alternator_failure,1.0,True
5807.0,alternator_failure,1.0,True
5808.0,alternator_failure,1.0,True
5809.0,alternator_failure,1.0,True
5810.0,alternator_failure,1.0,True
5811.0,alternator_failure,1.0,True
5812.0,alternator_failure,1.0,True
5813.0,alternator_failure,1.0,True
5814.0,alternator_failure,1.0,True
5815.0,alternator_failure,1.0,True
5816.0,alternator_failure,1.0,True
5817.0,alternator_failure,1.0,True
5818.0,alternator_failure,1.0,True
5819.0,alternator_failure,1.0,True
5820.0,alternator_failure,1.0,True
5821.0,alternator_failure,1.0,True
5822.0,alternator_failure,1.0,True
5823.0,alternator_failure,1.0,True
5824.0,alternator_failure,1.0,True
5825.0,alternator_failure,1.0,True
5826.0,alternator_failure,1.0,True
5827.0,alternator_failure,1.0,True
5828.0,alternator_failure,1.0,True
5829.0,alternator_failure,1.0,True
5830.0,alternator_failure,1.0,True
5831.0,alternator_failure,1.0,True
5832.0,alternator_failure,1.0,True
5833.0,alternator_failure,1.0,True
5834.0,alternator_failure,1.0,True
5835.0,alternator_failure,1.0,True
5836.0,alternator_failure,1.0,True
5837.0,alternator_failure,1.0,True
5838.0,alternator_failure,1.0,True
5839.0,alternator_failure,1.0,True
5840.0,alternator_failure,1.0,True
5841.0,alternator_failure,1.0,True
5842.0,alternator_failure,1.0,True
5843.0,alternator_failure,1.0,True
5844.0,alternator_failure,1.0,True
5845.0,alternator_failure,1.0,True
5846.0,alternator_failure,1.0,True
5847.0,alternator_failure,1.0,True
5848.0,alternator_failure,1.0,True
5849.0,alternator_failure,1.0,True
5850.0,alternator_failure,1.0,True
5851.0,alternator_failure,1.0,True
5852.0,alternator_failure,1.0,True
5853.0,alternator_failure,1.0,True
5854.0,alternator_failure,1.0,True
5855.0,alternator_failure,1.0,True
5856.0,alternator_failure,1.0,True
5857.0,alternator_failure,1.0,True
5858.0,alternator_failure,1.0,True
5859.0,alternator_failure,1.0,True
5860.0,alternator_failure,1.0,True
5861.0,alternator_failure,1.0,True
5862.0,alternator_failure,1.0,True
5863.0,alternator_failure,1.0,True
5864.0,alternator_failure,1.0,True
5865.0,alternator_failure,1.0,True
5866.0,alternator_failure,1.0,True
5867.0,alternator_failure,1.0,True
5868.0,alternator_failure,1.0,True
5869.0,alternator_failure,1.0,True
5870.0,alternator_failure,1.0,True
5871.0,alternator_failure,1.0,True
5872.0,alternator_failure,1.0,True
5873.0,alternator_failure,1.0,True
5874.0,alternator_failure,1.0,True
5875.0,alternator_failure,1.0,True
5876.0,alternator_failure,1.0,True
5877.0,alternator_failure,1.0,True
5878.0,alternator_failure,1.0,True
5879.0,alternator_failure,1.0,True
5880.0,alternator_failure,1.0,True
5881.0,alternator_failure,1.0,True
5882.0,alternator_failure,1.0,True
5883.0,alternator_failure,1.0,True
5884.0,alternator_failure,1.0,True
5885.0,alternator_failure,1.0,True
5886.0,alternator_failure,1.0,True
5887.0,alternator_failure,1.0,True
5888.0,alternator_failure,1.0,True
5889.0,alternator_failure,1.0,True
5890.0,alternator_failure,1.0,True
5891.0,alternator_failure,1.0,True
5892.0,alternator_failure,1.0,True
5893.0,alternator_failure,1.0,True
5894.0,alternator_failure,1.0,True
5895.0,alternator_failure,1.0,True
5896.0,alternator_failure,1.0,True
5897.0,alternator_failure,1.0,True
5898.0,alternator_failure,1.0,True
5899.0,alternator_failure,1.0,True
5900.0,alternator_failure,1.0,True
5901.0,alternator_failure,1.0,True
5902.0,alternator_failure,1.0,True
5903.0,alternator_failure,1.0,True
5904.0,alternator_failure,1.0,True
5905.0,alternator_failure,1.0,True
5906.0,alternator_failure,1.0,True
5907.0,alternator_failure,1.0,True
5908.0,alternator_failure,1.0,True
5909.0,alternator_failure,1.0,True
5910.0,alternator_failure,1.0,True
5911.0,alternator_failure,1.0,True
5912.0,alternator_failure,1.0,True
5913.0,alternator_failure,1.0,True
5914.0,alternator_failure,1.0,True
5915.0,alternator_failure,1.0,True
5916.0,alternator_failure,1.0,True
5917.0,alternator_failure,1.0,True
5918.0,alternator_failure,1.0,True
5919.0,alternator_failure,1.0,True
5920.0,alternator_failure,1.0,True
5921.0,alternator_failure,1.0,True
5922.0,alternator_failure,1.0,True
5923.0,alternator_failure,1.0,True
5924.0,alternator_failure,1.0,True
5925.0,alternator_failure,1.0,True
5926.0,alternator_failure,1.0,True
5927.0,alternator_failure,1.0,True
5928.0,alternator_failure,1.0,True
5929.0,alternator_failure,1.0,True
5930.0,alternator_failure,1.0,True
5931.0,alternator_failure,1.0,True
5932.0,alternator_failure,1.0,True
5933.0,alternator_failure,1.0,True
5934.0,alternator_failure,1.0,True
5935.0,alternator_failure,1.0,True
5936.0,alternator_failure,1.0,True
5937.0,alternator_failure,1.0,True
5938.0,alternator_failure,1.0,True
5939.0,alternator_failure,1.0,True
5940.0,alternator_failure,1.0,True
5941.0,alternator_failure,1.0,True
5942.0,alternator_failure,1.0,True
5943.0,alternator_failure,1.0,True
5944.0,alternator_failure,1.0,True
5945.0,alternator_failure,1.0,True
5946.0,alternator_failure,1.0,True
5947.0,alternator_failure,1.0,True
5948.0,alternator_failure,1.0,True
5949.0,alternator_failure,1.0,True
5950.0,alternator_failure,1.0,True
5951.0,alternator_failure,1.0,True
5952.0,alternator_failure,1.0,True
5953.0,alternator_failure,1.0,True
5954.0,alternator_failure,1.0,True
5955.0,alternator_failure,1.0,True
5956.0,alternator_failure,1.0,True
5957.0,alternator_failure,1.0,True
5958.0,alternator_failure,1.0,True
5959.0,alternator_failure,1.0,True
5960.0,alternator_failure,1.0,True
5961.0,alternator_failure,1.0,True
5962.0,alternator_failure,1.0,True
5963.0,alternator_failure,1.0,True
5964.0,alternator_failure,1.0,True
5965.0,alternator_failure,1.0,True
5966.0,alternator_failure,1.0,True
5967.0,alternator_failure,1.0,True
5968.0,alternator_failure,1.0,True
5969.0,alternator_failure,1.0,True
5970.0,alternator_failure,1.0,True
5971.0,alternator_failure,1.0,True
5972.0,alternator_failure,1.0,True
5973.0,alternator_failure,1.0,True
5974.0,alternator_failure,1.0,True
5975.0,alternator_failure,1.0,True
5976.0,alternator_failure,1.0,True
5977.0,alternator_failure,1.0,True
5978.0,alternator_failure,1.0,True
5979.0,alternator_failure,1.0,True
5980.0,alternator_failure,1.0,True
5981.0,alternator_failure,1.0,True
5982.0,alternator_failure,1.0,True
5983.0,alternator_failure,1.0,True
5984.0,alternator_failure,1.0,True
5985.0,alternator_failure,1.0,True
5986.0,alternator_failure,1.0,True
5987.0,alternator_failure,1.0,True
5988.0,alternator_failure,1.0,True
5989.0,alternator_failure,1.0,True
5990.0,alternator_failure,1.0,True
5991.0,alternator_failure,1.0,True
5992.0,alternator_failure,1.0,True
5993.0,alternator_failure,1.0,True
5994.0,alternator_failure,1.0,True
5995.0,alternator_failure,1.0,True
5996.0,alternator_failure,1.0,True
5997.0,alternator_failure,1.0,True
5998.0,alternator_failure,1.0,True
5999.0,alternator_failure,1.0,True
6000.0,alternator_failure,1.0,True
6001.0,alternator_failure,1.0,True
6002.0,alternator_failure,1.0,True
6003.0,alternator_failure,1.0,True
6004.0,alternator_failure,1.0,True
6005.0,alternator_failure,1.0,True
6006.0,alternator_failure,1.0,True
6007.0,alternator_failure,1.0,True
6008.0,alternator_failure,1.0,True
6009.0,alternator_failure,1.0,True
6010.0,alternator_failure,1.0,True
6011.0,alternator_failure,1.0,True
6012.0,alternator_failure,1.0,True
6013.0,alternator_failure,1.0,True
6014.0,alternator_failure,1.0,True
6015.0,alternator_failure,1.0,True
6016.0,alternator_failure,1.0,True
6017.0,alternator_failure,1.0,True
6018.0,alternator_failure,1.0,True
6019.0,alternator_failure,1.0,True
6020.0,alternator_failure,1.0,True
6021.0,alternator_failure,1.0,True
6022.0,alternator_failure,1.0,True
6023.0,alternator_failure,1.0,True
6024.0,alternator_failure,1.0,True
6025.0,alternator_failure,1.0,True
6026.0,alternator_failure,1.0,True
6027.0,alternator_failure,1.0,True
6028.0,alternator_failure,1.0,True
6029.0,alternator_failure,1.0,True
6030.0,alternator_failure,1.0,True
6031.0,alternator_failure,1.0,True
6032.0,alternator_failure,1.0,True
6033.0,alternator_failure,1.0,True
6034.0,alternator_failure,1.0,True
6035.0,alternator_failure,1.0,True
6036.0,alternator_failure,1.0,True
6037.0,alternator_failure,1.0,True
6038.0,alternator_failure,1.0,True
6039.0,alternator_failure,1.0,True
6040.0,alternator_failure,1.0,True
6041.0,alternator_failure,1.0,True
6042.0,alternator_failure,1.0,True
6043.0,alternator_failure,1.0,True
6044.0,alternator_failure,1.0,True
6045.0,alternator_failure,1.0,True
6046.0,alternator_failure,1.0,True
6047.0,alternator_failure,1.0,True
6048.0,alternator_failure,1.0,True
6049.0,alternator_failure,1.0,True
6050.0,alternator_failure,1.0,True
6051.0,alternator_failure,1.0,True
6052.0,alternator_failure,1.0,True
6053.0,alternator_failure,1.0,True
6054.0,alternator_failure,1.0,True
6055.0,alternator_failure,1.0,True
6056.0,alternator_failure,1.0,True
6057.0,alternator_failure,1.0,True
6058.0,alternator_failure,1.0,True
6059.0,alternator_failure,1.0,True
6060.0,alternator_failure,1.0,True
6061.0,alternator_failure,1.0,True
6062.0,alternator_failure,1.0,True
6063.0,alternator_failure,1.0,True
6064.0,alternator_failure,1.0,True
6065.0,alternator_failure,1.0,True
6066.0,alternator_failure,1.0,True
6067.0,alternator_failure,1.0,True
6068.0,alternator_failure,1.0,True
6069.0,alternator_failure,1.0,True
6070.0,alternator_failure,1.0,True
6071.0,alternator_failure,1.0,True
6072.0,alternator_failure,1.0,True
6073.0,alternator_failure,1.0,True
6074.0,alternator_failure,1.0,True
6075.0,alternator_failure,1.0,True
6076.0,alternator_failure,1.0,True
6077.0,alternator_failure,1.0,True
6078.0,alternator_failure,1.0,True
6079.0,alternator_failure,1.0,True
6080.0,alternator_failure,1.0,True
6081.0,alternator_failure,1.0,True
6082.0,alternator_failure,1.0,True
6083.0,alternator_failure,1.0,True
6084.0,alternator_failure,1.0,True
6085.0,alternator_failure,1.0,True
6086.0,alternator_failure,1.0,True
6087.0,alternator_failure,1.0,True
6088.0,alternator_failure,1.0,True
6089.0,alternator_failure,1.0,True
6090.0,alternator_failure,1.0,True
6091.0,alternator_failure,1.0,True
6092.0,alternator_failure,1.0,True
6093.0,alternator_failure,1.0,True
6094.0,alternator_failure,1.0,True
6095.0,alternator_failure,1.0,True
6096.0,alternator_failure,1.0,True
6097.0,alternator_failure,1.0,True
6098.0,alternator_failure,1.0,True
6099.0,alternator_failure,1.0,True
6100.0,alternator_failure,1.0,True
6101.0,alternator_failure,1.0,True
6102.0,alternator_failure,1.0,True
6103.0,alternator_failure,1.0,True
6104.0,alternator_failure,1.0,True
6105.0,alternator_failure,1.0,True
6106.0,alternator_failure,1.0,True
6107.0,alternator_failure,1.0,True
6108.0,alternator_failure,1.0,True
6109.0,alternator_failure,1.0,True
6110.0,alternator_failure,1.0,True
6111.0,alternator_failure,1.0,True
6112.0,alternator_failure,1.0,True
6113.0,alternator_failure,1.0,True
6114.0,alternator_failure,1.0,True
6115.0,alternator_failure,1.0,True
6116.0,alternator_failure,1.0,True
6117.0,alternator_failure,1.0,True
6118.0,alternator_failure,1.0,True
6119.0,alternator_failure,1.0,True
6120.0,alternator_failure,1.0,True
6121.0,alternator_failure,1.0,True
6122.0,alternator_failure,1.0,True
6123.0,alternator_failure,1.0,True
6124.0,alternator_failure,1.0,True
6125.0,alternator_failure,1.0,True
6126.0,alternator_failure,1.0,True
6127.0,alternator_failure,1.0,True
6128.0,alternator_failure,1.0,True
6129.0,alternator_failure,1.0,True
6130.0,alternator_failure,1.0,True
6131.0,alternator_failure,1.0,True
6132.0,alternator_failure,1.0,True
6133.0,alternator_failure,1.0,True
6134.0,alternator_failure,1.0,True
6135.0,alternator_failure,1.0,True
6136.0,alternator_failure,1.0,True
6137.0,alternator_failure,1.0,True
6138.0,alternator_failure,1.0,True
6139.0,alternator_failure,1.0,True
6140.0,alternator_failure,1.0,True
6141.0,alternator_failure,1.0,True
6142.0,alternator_failure,1.0,True
6143.0,alternator_failure,1.0,True
6144.0,alternator_failure,1.0,True
6145.0,alternator_failure,1.0,True
6146.0,alternator_failure,1.0,True
6147.0,alternator_failure,1.0,True
6148.0,alternator_failure,1.0,True
6149.0,alternator_failure,1.0,True
6150.0,alternator_failure,1.0,True
6151.0,alternator_failure,1.0,True
6152.0,alternator_failure,1.0,True
6153.0,alternator_failure,1.0,True
6154.0,alternator_failure,1.0,True
6155.0,alternator_failure,1.0,True
6156.0,alternator_failure,1.0,True
6157.0,alternator_failure,1.0,True
6158.0,alternator_failure,1.0,True
6159.0,alternator_failure,1.0,True
6160.0,alternator_failure,1.0,True
6161.0,alternator_failure,1.0,True
6162.0,alternator_failure,1.0,True
6163.0,alternator_failure,1.0,True
6164.0,alternator_failure,1.0,True
6165.0,alternator_failure,1.0,True
6166.0,alternator_failure,1.0,True
6167.0,alternator_failure,1.0,True
6168.0,alternator_failure,1.0,True
6169.0,alternator_failure,1.0,True
6170.0,alternator_failure,1.0,True
6171.0,alternator_failure,1.0,True
6172.0,alternator_failure,1.0,True
6173.0,alternator_failure,1.0,True
6174.0,alternator_failure,1.0,True
6175.0,alternator_failure,1.0,True
6176.0,alternator_failure,1.0,True
6177.0,alternator_failure,1.0,True
6178.0,alternator_failure,1.0,True
6179.0,alternator_failure,1.0,True
6180.0,alternator_failure,1.0,True
6181.0,alternator_failure,1.0,True
6182.0,alternator_failure,1.0,True
6183.0,alternator_failure,1.0,True
6184.0,alternator_failure,1.0,True
6185.0,alternator_failure,1.0,True
6186.0,alternator_failure,1.0,True
6187.0,alternator_failure,1.0,True
6188.0,alternator_failure,1.0,True
6189.0,alternator_failure,1.0,True
6190.0,alternator_failure,1.0,True
6191.0,alternator_failure,1.0,True
6192.0,alternator_failure,1.0,True
6193.0,alternator_failure,1.0,True
6194.0,alternator_failure,1.0,True
6195.0,alternator_failure,1.0,True
6196.0,alternator_failure,1.0,True
6197.0,alternator_failure,1.0,True
6198.0,alternator_failure,1.0,True
6199.0,alternator_failure,1.0,True
6200.0,alternator_failure,1.0,True
6201.0,alternator_failure,1.0,True
6202.0,alternator_failure,1.0,True
6203.0,alternator_failure,1.0,True
6204.0,alternator_failure,1.0,True
6205.0,alternator_failure,1.0,True
6206.0,alternator_failure,1.0,True
6207.0,alternator_failure,1.0,True
6208.0,alternator_failure,1.0,True
6209.0,alternator_failure,1.0,True
6210.0,alternator_failure,1.0,True
6211.0,alternator_failure,1.0,True
6212.0,alternator_failure,1.0,True
6213.0,alternator_failure,1.0,True
6214.0,alternator_failure,1.0,True
6215.0,alternator_failure,1.0,True
6216.0,alternator_failure,1.0,True
6217.0,alternator_failure,1.0,True
6218.0,alternator_failure,1.0,True
6219.0,alternator_failure,1.0,True
6220.0,alternator_failure,1.0,True
6221.0,alternator_failure,1.0,True
6222.0,alternator_failure,1.0,True
6223.0,alternator_failure,1.0,True
6224.0,alternator_failure,1.0,True
6225.0,alternator_failure,1.0,True
6226.0,alternator_failure,1.0,True
6227.0,alternator_failure,1.0,True
6228.0,alternator_failure,1.0,True
6229.0,alternator_failure,1.0,True
6230.0,alternator_failure,1.0,True
6231.0,alternator_failure,1.0,True
6232.0,alternator_failure,1.0,True
6233.0,alternator_failure,1.0,True
6234.0,alternator_failure,1.0,True
6235.0,alternator_failure,1.0,True
6236.0,alternator_failure,1.0,True
6237.0,alternator_failure,1.0,True
6238.0,alternator_failure,1.0,True
6239.0,alternator_failure,1.0,True
6240.0,alternator_failure,1.0,True
6241.0,alternator_failure,1.0,True
6242.0,alternator_failure,1.0,True
6243.0,alternator_failure,1.0,True
6244.0,alternator_failure,1.0,True
6245.0,alternator_failure,1.0,True
6246.0,alternator_failure,1.0,True
6247.0,alternator_failure,1.0,True
6248.0,alternator_failure,1.0,True
6249.0,alternator_failure,1.0,True
6250.0,alternator_failure,1.0,True
6251.0,alternator_failure,1.0,True
6252.0,alternator_failure,1.0,True
6253.0,alternator_failure,1.0,True
6254.0,alternator_failure,1.0,True
6255.0,alternator_failure,1.0,True
6256.0,alternator_failure,1.0,True
6257.0,alternator_failure,1.0,True
6258.0,alternator_failure,1.0,True
6259.0,alternator_failure,1.0,True
6260.0,alternator_failure,1.0,True
6261.0,alternator_failure,1.0,True
6262.0,alternator_failure,1.0,True
6263.0,alternator_failure,1.0,True
6264.0,alternator_failure,1.0,True
6265.0,alternator_failure,1.0,True
6266.0,alternator_failure,1.0,True
6267.0,alternator_failure,1.0,True
6268.0,alternator_failure,1.0,True
6269.0,alternator_failure,1.0,True
6270.0,alternator_failure,1.0,True
6271.0,alternator_failure,1.0,True
6272.0,alternator_failure,1.0,True
6273.0,alternator_failure,1.0,True
6274.0,alternator_failure,1.0,True
6275.0,alternator_failure,1.0,True
6276.0,alternator_failure,1.0,True
6277.0,alternator_failure,1.0,True
6278.0,alternator_failure,1.0,True
6279.0,alternator_failure,1.0,True
6280.0,alternator_failure,1.0,True
6281.0,alternator_failure,1.0,True
6282.0,alternator_failure,1.0,True
6283.0,alternator_failure,1.0,True
6284.0,alternator_failure,1.0,True
6285.0,alternator_failure,1.0,True
6286.0,alternator_failure,1.0,True
6287.0,alternator_failure,1.0,True
6288.0,alternator_failure,1.0,True
6289.0,alternator_failure,1.0,True
6290.0,alternator_failure,1.0,True
6291.0,alternator_failure,1.0,True
6292.0,alternator_failure,1.0,True
6293.0,alternator_failure,1.0,True
6294.0,alternator_failure,1.0,True
6295.0,alternator_failure,1.0,True
6296.0,alternator_failure,1.0,True
6297.0,alternator_failure,1.0,True
6298.0,alternator_failure,1.0,True
6299.0,alternator_failure,1.0,True
6300.0,alternator_failure,1.0,True
6301.0,alternator_failure,1.0,True
6302.0,alternator_failure,1.0,True
6303.0,alternator_failure,1.0,True
6304.0,alternator_failure,1.0,True
6305.0,alternator_failure,1.0,True
6306.0,alternator_failure,1.0,True
6307.0,alternator_failure,1.0,True
6308.0,alternator_failure,1.0,True
6309.0,alternator_failure,1.0,True
6310.0,alternator_failure,1.0,True
6311.0,alternator_failure,1.0,True
6312.0,alternator_failure,1.0,True
6313.0,alternator_failure,1.0,True
6314.0,alternator_failure,1.0,True
6315.0,alternator_failure,1.0,True
6316.0,alternator_failure,1.0,True
6317.0,alternator_failure,1.0,True
6318.0,alternator_failure,1.0,True
6319.0,alternator_failure,1.0,True
6320.0,alternator_failure,1.0,True
6321.0,alternator_failure,1.0,True
6322.0,alternator_failure,1.0,True
6323.0,alternator_failure,1.0,True
6324.0,alternator_failure,1.0,True
6325.0,alternator_failure,1.0,True
6326.0,alternator_failure,1.0,True
6327.0,alternator_failure,1.0,True
6328.0,alternator_failure,1.0,True
6329.0,alternator_failure,1.0,True
6330.0,alternator_failure,1.0,True
6331.0,alternator_failure,1.0,True
6332.0,alternator_failure,1.0,True
6333.0,alternator_failure,1.0,True
6334.0,alternator_failure,1.0,True
6335.0,alternator_failure,1.0,True
6336.0,alternator_failure,1.0,True
6337.0,alternator_failure,1.0,True
6338.0,alternator_failure,1.0,True
6339.0,alternator_failure,1.0,True
6340.0,alternator_failure,1.0,True
6341.0,alternator_failure,1.0,True
6342.0,alternator_failure,1.0,True
6343.0,alternator_failure,1.0,True
6344.0,alternator_failure,1.0,True
6345.0,alternator_failure,1.0,True
6346.0,alternator_failure,1.0,True
6347.0,alternator_failure,1.0,True
6348.0,alternator_failure,1.0,True
6349.0,alternator_failure,1.0,True
6350.0,alternator_failure,1.0,True
6351.0,alternator_failure,1.0,True
6352.0,alternator_failure,1.0,True
6353.0,alternator_failure,1.0,True
6354.0,alternator_failure,1.0,True
6355.0,alternator_failure,1.0,True
6356.0,alternator_failure,1.0,True
6357.0,alternator_failure,1.0,True
6358.0,alternator_failure,1.0,True
6359.0,alternator_failure,1.0,True
6360.0,alternator_failure,1.0,True
6361.0,alternator_failure,1.0,True
6362.0,alternator_failure,1.0,True
6363.0,alternator_failure,1.0,True
6364.0,alternator_failure,1.0,True
6365.0,alternator_failure,1.0,True
6366.0,alternator_failure,1.0,True
6367.0,alternator_failure,1.0,True
6368.0,alternator_failure,1.0,True
6369.0,alternator_failure,1.0,True
6370.0,alternator_failure,1.0,True
6371.0,alternator_failure,1.0,True
6372.0,alternator_failure,1.0,True
6373.0,alternator_failure,1.0,True
6374.0,alternator_failure,1.0,True
6375.0,alternator_failure,1.0,True
6376.0,alternator_failure,1.0,True
6377.0,alternator_failure,1.0,True
6378.0,alternator_failure,1.0,True
6379.0,alternator_failure,1.0,True
6380.0,alternator_failure,1.0,True
6381.0,alternator_failure,1.0,True
6382.0,alternator_failure,1.0,True
6383.0,alternator_failure,1.0,True
6384.0,alternator_failure,1.0,True
6385.0,alternator_failure,1.0,True
6386.0,alternator_failure,1.0,True
6387.0,alternator_failure,1.0,True
6388.0,alternator_failure,1.0,True
6389.0,alternator_failure,1.0,True
6390.0,alternator_failure,1.0,True
6391.0,alternator_failure,1.0,True
6392.0,alternator_failure,1.0,True
6393.0,alternator_failure,1.0,True
6394.0,alternator_failure,1.0,True
6395.0,alternator_failure,1.0,True
6396.0,alternator_failure,1.0,True
6397.0,alternator_failure,1.0,True
6398.0,alternator_failure,1.0,True
6399.0,alternator_failure,1.0,True
6400.0,alternator_failure,1.0,True
6401.0,alternator_failure,1.0,True
6402.0,alternator_failure,1.0,True
6403.0,alternator_failure,1.0,True
6404.0,alternator_failure,1.0,True
6405.0,alternator_failure,1.0,True
6406.0,alternator_failure,1.0,True
6407.0,alternator_failure,1.0,True
6408.0,alternator_failure,1.0,True
6409.0,alternator_failure,1.0,True
6410.0,alternator_failure,1.0,True
6411.0,alternator_failure,1.0,True
6412.0,alternator_failure,1.0,True
6413.0,alternator_failure,1.0,True
6414.0,alternator_failure,1.0,True
6415.0,alternator_failure,1.0,True
6416.0,alternator_failure,1.0,True
6417.0,alternator_failure,1.0,True
6418.0,alternator_failure,1.0,True
6419.0,alternator_failure,1.0,True
6420.0,alternator_failure,1.0,True
6421.0,alternator_failure,1.0,True
6422.0,alternator_failure,1.0,True
6423.0,alternator_failure,1.0,True
6424.0,alternator_failure,1.0,True
6425.0,alternator_failure,1.0,True
6426.0,alternator_failure,1.0,True
6427.0,alternator_failure,1.0,True
6428.0,alternator_failure,1.0,True
6429.0,alternator_failure,1.0,True
6430.0,alternator_failure,1.0,True
6431.0,alternator_failure,1.0,True
6432.0,alternator_failure,1.0,True
6433.0,alternator_failure,1.0,True
6434.0,alternator_failure,1.0,True
6435.0,alternator_failure,1.0,True
6436.0,alternator_failure,1.0,True
6437.0,alternator_failure,1.0,True
6438.0,alternator_failure,1.0,True
6439.0,alternator_failure,1.0,True
6440.0,alternator_failure,1.0,True
6441.0,alternator_failure,1.0,True
6442.0,alternator_failure,1.0,True
6443.0,alternator_failure,1.0,True
6444.0,alternator_failure,1.0,True
6445.0,alternator_failure,1.0,True
6446.0,alternator_failure,1.0,True
6447.0,alternator_failure,1.0,True
6448.0,alternator_failure,1.0,True
6449.0,alternator_failure,1.0,True
6450.0,alternator_failure,1.0,True
6451.0,alternator_failure,1.0,True
6452.0,alternator_failure,1.0,True
6453.0,alternator_failure,1.0,True
6454.0,alternator_failure,1.0,True
6455.0,alternator_failure,1.0,True
6456.0,alternator_failure,1.0,True
6457.0,alternator_failure,1.0,True
6458.0,alternator_failure,1.0,True
6459.0,alternator_failure,1.0,True
6460.0,alternator_failure,1.0,True
6461.0,alternator_failure,1.0,True
6462.0,alternator_failure,1.0,True
6463.0,alternator_failure,1.0,True
6464.0,alternator_failure,1.0,True
6465.0,alternator_failure,1.0,True
6466.0,alternator_failure,1.0,True
6467.0,alternator_failure,1.0,True
6468.0,alternator_failure,1.0,True
6469.0,alternator_failure,1.0,True
6470.0,alternator_failure,1.0,True
6471.0,alternator_failure,1.0,True
6472.0,alternator_failure,1.0,True
6473.0,alternator_failure,1.0,True
6474.0,alternator_failure,1.0,True
6475.0,alternator_failure,1.0,True
6476.0,alternator_failure,1.0,True
6477.0,alternator_failure,1.0,True
6478.0,alternator_failure,1.0,True
6479.0,alternator_failure,1.0,True
6480.0,alternator_failure,1.0,True
6481.0,alternator_failure,1.0,True
6482.0,alternator_failure,1.0,True
6483.0,alternator_failure,1.0,True
6484.0,alternator_failure,1.0,True
6485.0,alternator_failure,1.0,True
6486.0,alternator_failure,1.0,True
6487.0,alternator_failure,1.0,True
6488.0,alternator_failure,1.0,True
6489.0,alternator_failure,1.0,True
6490.0,alternator_failure,1.0,True
6491.0,alternator_failure,1.0,True
6492.0,alternator_failure,1.0,True
6493.0,alternator_failure,1.0,True
6494.0,alternator_failure,1.0,True
6495.0,alternator_failure,1.0,True
6496.0,alternator_failure,1.0,True
6497.0,alternator_failure,1.0,True
6498.0,alternator_failure,1.0,True
6499.0,alternator_failure,1.0,True
6500.0,alternator_failure,1.0,True
6501.0,alternator_failure,1.0,True
6502.0,alternator_failure,1.0,True
6503.0,alternator_failure,1.0,True
6504.0,alternator_failure,1.0,True
6505.0,alternator_failure,1.0,True
6506.0,alternator_failure,1.0,True
6507.0,alternator_failure,1.0,True
6508.0,alternator_failure,1.0,True
6509.0,alternator_failure,1.0,True
6510.0,alternator_failure,1.0,True
6511.0,alternator_failure,1.0,True
6512.0,alternator_failure,1.0,True
6513.0,alternator_failure,1.0,True
6514.0,alternator_failure,1.0,True
6515.0,alternator_failure,1.0,True
6516.0,alternator_failure,1.0,True
6517.0,alternator_failure,1.0,True
6518.0,alternator_failure,1.0,True
6519.0,alternator_failure,1.0,True
6520.0,alternator_failure,1.0,True
6521.0,alternator_failure,1.0,True
6522.0,alternator_failure,1.0,True
6523.0,alternator_failure,1.0,True
6524.0,alternator_failure,1.0,True
6525.0,alternator_failure,1.0,True
6526.0,alternator_failure,1.0,True
6527.0,alternator_failure,1.0,True
6528.0,alternator_failure,1.0,True
6529.0,alternator_failure,1.0,True
6530.0,alternator_failure,1.0,True
6531.0,alternator_failure,1.0,True
6532.0,alternator_failure,1.0,True
6533.0,alternator_failure,1.0,True
6534.0,alternator_failure,1.0,True
6535.0,alternator_failure,1.0,True
6536.0,alternator_failure,1.0,True
6537.0,alternator_failure,1.0,True
6538.0,alternator_failure,1.0,True
6539.0,alternator_failure,1.0,True
6540.0,alternator_failure,1.0,True
6541.0,alternator_failure,1.0,True
6542.0,alternator_failure,1.0,True
6543.0,alternator_failure,1.0,True
6544.0,alternator_failure,1.0,True
6545.0,alternator_failure,1.0,True
6546.0,alternator_failure,1.0,True
6547.0,alternator_failure,1.0,True
6548.0,alternator_failure,1.0,True
6549.0,alternator_failure,1.0,True
6550.0,alternator_failure,1.0,True
6551.0,alternator_failure,1.0,True
6552.0,alternator_failure,1.0,True
6553.0,alternator_failure,1.0,True
6554.0,alternator_failure,1.0,True
6555.0,alternator_failure,1.0,True
6556.0,alternator_failure,1.0,True
6557.0,alternator_failure,1.0,True
6558.0,alternator_failure,1.0,True
6559.0,alternator_failure,1.0,True
6560.0,alternator_failure,1.0,True
6561.0,alternator_failure,1.0,True
6562.0,alternator_failure,1.0,True
6563.0,alternator_failure,1.0,True
6564.0,alternator_failure,1.0,True
6565.0,alternator_failure,1.0,True
6566.0,alternator_failure,1.0,True
6567.0,alternator_failure,1.0,True
6568.0,alternator_failure,1.0,True
6569.0,alternator_failure,1.0,True
6570.0,alternator_failure,1.0,True
6571.0,alternator_failure,1.0,True
6572.0,alternator_failure,1.0,True
6573.0,alternator_failure,1.0,True
6574.0,alternator_failure,1.0,True
6575.0,alternator_failure,1.0,True
6576.0,alternator_failure,1.0,True
6577.0,alternator_failure,1.0,True
6578.0,alternator_failure,1.0,True
6579.0,alternator_failure,1.0,True
6580.0,alternator_failure,1.0,True
6581.0,alternator_failure,1.0,True
6582.0,alternator_failure,1.0,True
6583.0,alternator_failure,1.0,True
6584.0,alternator_failure,1.0,True
6585.0,alternator_failure,1.0,True
6586.0,alternator_failure,1.0,True
6587.0,alternator_failure,1.0,True
6588.0,alternator_failure,1.0,True
6589.0,alternator_failure,1.0,True
6590.0,alternator_failure,1.0,True
6591.0,alternator_failure,1.0,True
6592.0,alternator_failure,1.0,True
6593.0,alternator_failure,1.0,True
6594.0,alternator_failure,1.0,True
6595.0,alternator_failure,1.0,True
6596.0,alternator_failure,1.0,True
6597.0,alternator_failure,1.0,True
6598.0,alternator_failure,1.0,True
6599.0,alternator_failure,1.0,True
6600.0,alternator_failure,1.0,True
6601.0,alternator_failure,1.0,True
6602.0,alternator_failure,1.0,True
6603.0,alternator_failure,1.0,True
6604.0,alternator_failure,1.0,True
6605.0,alternator_failure,1.0,True
6606.0,alternator_failure,1.0,True
6607.0,alternator_failure,1.0,True
6608.0,alternator_failure,1.0,True
6609.0,alternator_failure,1.0,True
6610.0,alternator_failure,1.0,True
6611.0,alternator_failure,1.0,True
6612.0,alternator_failure,1.0,True
6613.0,alternator_failure,1.0,True
6614.0,alternator_failure,1.0,True
6615.0,alternator_failure,1.0,True
6616.0,alternator_failure,1.0,True
6617.0,alternator_failure,1.0,True
6618.0,alternator_failure,1.0,True
6619.0,alternator_failure,1.0,True
6620.0,alternator_failure,1.0,True
6621.0,alternator_failure,1.0,True
6622.0,alternator_failure,1.0,True
6623.0,alternator_failure,1.0,True
6624.0,alternator_failure,1.0,True
6625.0,alternator_failure,1.0,True
6626.0,alternator_failure,1.0,True
6627.0,alternator_failure,1.0,True
6628.0,alternator_failure,1.0,True
6629.0,alternator_failure,1.0,True
6630.0,alternator_failure,1.0,True
6631.0,alternator_failure,1.0,True
6632.0,alternator_failure,1.0,True
6633.0,alternator_failure,1.0,True
6634.0,alternator_failure,1.0,True
6635.0,alternator_failure,1.0,True
6636.0,alternator_failure,1.0,True
6637.0,alternator_failure,1.0,True
6638.0,alternator_failure,1.0,True
6639.0,alternator_failure,1.0,True
6640.0,alternator_failure,1.0,True
6641.0,alternator_failure,1.0,True
6642.0,alternator_failure,1.0,True
6643.0,alternator_failure,1.0,True
6644.0,alternator_failure,1.0,True
6645.0,alternator_failure,1.0,True
6646.0,alternator_failure,1.0,True
6647.0,alternator_failure,1.0,True
6648.0,alternator_failure,1.0,True
6649.0,alternator_failure,1.0,True
6650.0,alternator_failure,1.0,True
6651.0,alternator_failure,1.0,True
6652.0,alternator_failure,1.0,True
6653.0,alternator_failure,1.0,True
6654.0,alternator_failure,1.0,True
6655.0,alternator_failure,1.0,True
6656.0,alternator_failure,1.0,True
6657.0,alternator_failure,1.0,True
6658.0,alternator_failure,1.0,True
6659.0,alternator_failure,1.0,True
6660.0,alternator_failure,1.0,True
6661.0,alternator_failure,1.0,True
6662.0,alternator_failure,1.0,True
6663.0,alternator_failure,1.0,True
6664.0,alternator_failure,1.0,True
6665.0,alternator_failure,1.0,True
6666.0,alternator_failure,1.0,True
6667.0,alternator_failure,1.0,True
6668.0,alternator_failure,1.0,True
6669.0,alternator_failure,1.0,True
6670.0,alternator_failure,1.0,True
6671.0,alternator_failure,1.0,True
6672.0,alternator_failure,1.0,True
6673.0,alternator_failure,1.0,True
6674.0,alternator_failure,1.0,True
6675.0,alternator_failure,1.0,True
6676.0,alternator_failure,1.0,True
6677.0,alternator_failure,1.0,True
6678.0,alternator_failure,1.0,True
6679.0,alternator_failure,1.0,True
6680.0,alternator_failure,1.0,True
6681.0,alternator_failure,1.0,True
6682.0,alternator_failure,1.0,True
6683.0,alternator_failure,1.0,True
6684.0,alternator_failure,1.0,True
6685.0,alternator_failure,1.0,True
6686.0,alternator_failure,1.0,True
6687.0,alternator_failure,1.0,True
6688.0,alternator_failure,1.0,True
6689.0,alternator_failure,1.0,True
6690.0,alternator_failure,1.0,True
6691.0,alternator_failure,1.0,True
6692.0,alternator_failure,1.0,True
6693.0,alternator_failure,1.0,True
6694.0,alternator_failure,1.0,True
6695.0,alternator_failure,1.0,True
6696.0,alternator_failure,1.0,True
6697.0,alternator_failure,1.0,True
6698.0,alternator_failure,1.0,True
6699.0,alternator_failure,1.0,True
6700.0,alternator_failure,1.0,True
6701.0,alternator_failure,1.0,True
6702.0,alternator_failure,1.0,True
6703.0,alternator_failure,1.0,True
6704.0,alternator_failure,1.0,True
6705.0,alternator_failure,1.0,True
6706.0,alternator_failure,1.0,True
6707.0,alternator_failure,1.0,True
6708.0,alternator_failure,1.0,True
6709.0,alternator_failure,1.0,True
6710.0,alternator_failure,1.0,True
6711.0,alternator_failure,1.0,True
6712.0,alternator_failure,1.0,True
6713.0,alternator_failure,1.0,True
6714.0,alternator_failure,1.0,True
6715.0,alternator_failure,1.0,True
6716.0,alternator_failure,1.0,True
6717.0,alternator_failure,1.0,True
6718.0,alternator_failure,1.0,True
6719.0,alternator_failure,1.0,True
6720.0,alternator_failure,1.0,True
6721.0,alternator_failure,1.0,True
6722.0,alternator_failure,1.0,True
6723.0,alternator_failure,1.0,True
6724.0,alternator_failure,1.0,True
6725.0,alternator_failure,1.0,True
6726.0,alternator_failure,1.0,True
6727.0,alternator_failure,1.0,True
6728.0,alternator_failure,1.0,True
6729.0,alternator_failure,1.0,True
6730.0,alternator_failure,1.0,True
6731.0,alternator_failure,1.0,True
6732.0,alternator_failure,1.0,True
6733.0,alternator_failure,1.0,True
6734.0,alternator_failure,1.0,True
6735.0,alternator_failure,1.0,True
6736.0,alternator_failure,1.0,True
6737.0,alternator_failure,1.0,True
6738.0,alternator_failure,1.0,True
6739.0,alternator_failure,1.0,True
6740.0,alternator_failure,1.0,True
6741.0,alternator_failure,1.0,True
6742.0,alternator_failure,1.0,True
6743.0,alternator_failure,1.0,True
6744.0,alternator_failure,1.0,True
6745.0,alternator_failure,1.0,True
6746.0,alternator_failure,1.0,True
6747.0,alternator_failure,1.0,True
6748.0,alternator_failure,1.0,True
6749.0,alternator_failure,1.0,True
6750.0,alternator_failure,1.0,True
6751.0,alternator_failure,1.0,True
6752.0,alternator_failure,1.0,True
6753.0,alternator_failure,1.0,True
6754.0,alternator_failure,1.0,True
6755.0,alternator_failure,1.0,True
6756.0,alternator_failure,1.0,True
6757.0,alternator_failure,1.0,True
6758.0,alternator_failure,1.0,True
6759.0,alternator_failure,1.0,True
6760.0,alternator_failure,1.0,True
6761.0,alternator_failure,1.0,True
6762.0,alternator_failure,1.0,True
6763.0,alternator_failure,1.0,True
6764.0,alternator_failure,1.0,True
6765.0,alternator_failure,1.0,True
6766.0,alternator_failure,1.0,True
6767.0,alternator_failure,1.0,True
6768.0,alternator_failure,1.0,True
6769.0,alternator_failure,1.0,True
6770.0,alternator_failure,1.0,True
6771.0,alternator_failure,1.0,True
6772.0,alternator_failure,1.0,True
6773.0,alternator_failure,1.0,True
6774.0,alternator_failure,1.0,True
6775.0,alternator_failure,1.0,True
6776.0,alternator_failure,1.0,True
6777.0,alternator_failure,1.0,True
6778.0,alternator_failure,1.0,True
6779.0,alternator_failure,1.0,True
6780.0,alternator_failure,1.0,True
6781.0,alternator_failure,1.0,True
6782.0,alternator_failure,1.0,True
6783.0,alternator_failure,1.0,True
6784.0,alternator_failure,1.0,True
6785.0,alternator_failure,1.0,True
6786.0,alternator_failure,1.0,True
6787.0,alternator_failure,1.0,True
6788.0,alternator_failure,1.0,True
6789.0,alternator_failure,1.0,True
6790.0,alternator_failure,1.0,True
6791.0,alternator_failure,1.0,True
6792.0,alternator_failure,1.0,True
6793.0,alternator_failure,1.0,True
6794.0,alternator_failure,1.0,True
6795.0,alternator_failure,1.0,True
6796.0,alternator_failure,1.0,True
6797.0,alternator_failure,1.0,True
6798.0,alternator_failure,1.0,True
6799.0,alternator_failure,1.0,True
6800.0,alternator_failure,1.0,True
6801.0,alternator_failure,1.0,True
6802.0,alternator_failure,1.0,True
6803.0,alternator_failure,1.0,True
6804.0,alternator_failure,1.0,True
6805.0,alternator_failure,1.0,True
6806.0,alternator_failure,1.0,True
6807.0,alternator_failure,1.0,True
6808.0,alternator_failure,1.0,True
6809.0,alternator_failure,1.0,True
6810.0,alternator_failure,1.0,True
6811.0,alternator_failure,1.0,True
6812.0,alternator_failure,1.0,True
6813.0,alternator_failure,1.0,True
6814.0,alternator_failure,1.0,True
6815.0,alternator_failure,1.0,True
6816.0,alternator_failure,1.0,True
6817.0,alternator_failure,1.0,True
6818.0,alternator_failure,1.0,True
6819.0,alternator_failure,1.0,True
6820.0,alternator_failure,1.0,True
6821.0,alternator_failure,1.0,True
6822.0,alternator_failure,1.0,True
6823.0,alternator_failure,1.0,True
6824.0,alternator_failure,1.0,True
6825.0,alternator_failure,1.0,True
6826.0,alternator_failure,1.0,True
6827.0,alternator_failure,1.0,True
6828.0,alternator_failure,1.0,True
6829.0,alternator_failure,1.0,True
6830.0,alternator_failure,1.0,True
6831.0,alternator_failure,1.0,True
6832.0,alternator_failure,1.0,True
6833.0,alternator_failure,1.0,True
6834.0,alternator_failure,1.0,True
6835.0,alternator_failure,1.0,True
6836.0,alternator_failure,1.0,True
6837.0,alternator_failure,1.0,True
6838.0,alternator_failure,1.0,True
6839.0,alternator_failure,1.0,True
6840.0,alternator_failure,1.0,True
6841.0,alternator_failure,1.0,True
6842.0,alternator_failure,1.0,True
6843.0,alternator_failure,1.0,True
6844.0,alternator_failure,1.0,True
6845.0,alternator_failure,1.0,True
6846.0,alternator_failure,1.0,True
6847.0,alternator_failure,1.0,True
6848.0,alternator_failure,1.0,True
6849.0,alternator_failure,1.0,True
6850.0,alternator_failure,1.0,True
6851.0,alternator_failure,1.0,True
6852.0,alternator_failure,1.0,True
6853.0,alternator_failure,1.0,True
6854.0,alternator_failure,1.0,True
6855.0,alternator_failure,1.0,True
6856.0,alternator_failure,1.0,True
6857.0,alternator_failure,1.0,True
6858.0,alternator_failure,1.0,True
6859.0,alternator_failure,1.0,True
6860.0,alternator_failure,1.0,True
6861.0,alternator_failure,1.0,True
6862.0,alternator_failure,1.0,True
6863.0,alternator_failure,1.0,True
6864.0,alternator_failure,1.0,True
6865.0,alternator_failure,1.0,True
6866.0,alternator_failure,1.0,True
6867.0,alternator_failure,1.0,True
6868.0,alternator_failure,1.0,True
6869.0,alternator_failure,1.0,True
6870.0,alternator_failure,1.0,True
6871.0,alternator_failure,1.0,True
6872.0,alternator_failure,1.0,True
6873.0,alternator_failure,1.0,True
6874.0,alternator_failure,1.0,True
6875.0,alternator_failure,1.0,True
6876.0,alternator_failure,1.0,True
6877.0,alternator_failure,1.0,True
6878.0,alternator_failure,1.0,True
6879.0,alternator_failure,1.0,True
6880.0,alternator_failure,1.0,True
6881.0,alternator_failure,1.0,True
6882.0,alternator_failure,1.0,True
6883.0,alternator_failure,1.0,True
6884.0,alternator_failure,1.0,True
6885.0,alternator_failure,1.0,True
6886.0,alternator_failure,1.0,True
6887.0,alternator_failure,1.0,True
6888.0,alternator_failure,1.0,True
6889.0,alternator_failure,1.0,True
6890.0,alternator_failure,1.0,True
6891.0,alternator_failure,1.0,True
6892.0,alternator_failure,1.0,True
6893.0,alternator_failure,1.0,True
6894.0,alternator_failure,1.0,True
6895.0,alternator_failure,1.0,True
6896.0,alternator_failure,1.0,True
6897.0,alternator_failure,1.0,True
6898.0,alternator_failure,1.0,True
6899.0,alternator_failure,1.0,True
6900.0,alternator_failure,1.0,True
6901.0,alternator_failure,1.0,True
6902.0,alternator_failure,1.0,True
6903.0,alternator_failure,1.0,True
6904.0,alternator_failure,1.0,True
6905.0,alternator_failure,1.0,True
6906.0,alternator_failure,1.0,True
6907.0,alternator_failure,1.0,True
6908.0,alternator_failure,1.0,True
6909.0,alternator_failure,1.0,True
6910.0,alternator_failure,1.0,True
6911.0,alternator_failure,1.0,True
6912.0,alternator_failure,1.0,True
6913.0,alternator_failure,1.0,True
6914.0,alternator_failure,1.0,True
6915.0,alternator_failure,1.0,True
6916.0,alternator_failure,1.0,True
6917.0,alternator_failure,1.0,True
6918.0,alternator_failure,1.0,True
6919.0,alternator_failure,1.0,True
6920.0,alternator_failure,1.0,True
6921.0,alternator_failure,1.0,True
6922.0,alternator_failure,1.0,True
6923.0,alternator_failure,1.0,True
6924.0,alternator_failure,1.0,True
6925.0,alternator_failure,1.0,True
6926.0,alternator_failure,1.0,True
6927.0,alternator_failure,1.0,True
6928.0,alternator_failure,1.0,True
6929.0,alternator_failure,1.0,True
6930.0,alternator_failure,1.0,True
6931.0,alternator_failure,1.0,True
6932.0,alternator_failure,1.0,True
6933.0,alternator_failure,1.0,True
6934.0,alternator_failure,1.0,True
6935.0,alternator_failure,1.0,True
6936.0,alternator_failure,1.0,True
6937.0,alternator_failure,1.0,True
6938.0,alternator_failure,1.0,True
6939.0,alternator_failure,1.0,True
6940.0,alternator_failure,1.0,True
6941.0,alternator_failure,1.0,True
6942.0,alternator_failure,1.0,True
6943.0,alternator_failure,1.0,True
6944.0,alternator_failure,1.0,True
6945.0,alternator_failure,1.0,True
6946.0,alternator_failure,1.0,True
6947.0,alternator_failure,1.0,True
6948.0,alternator_failure,1.0,True
6949.0,alternator_failure,1.0,True
6950.0,alternator_failure,1.0,True
6951.0,alternator_failure,1.0,True
6952.0,alternator_failure,1.0,True
6953.0,alternator_failure,1.0,True
6954.0,alternator_failure,1.0,True
6955.0,alternator_failure,1.0,True
6956.0,alternator_failure,1.0,True
6957.0,alternator_failure,1.0,True
6958.0,alternator_failure,1.0,True
6959.0,alternator_failure,1.0,True
6960.0,alternator_failure,1.0,True
6961.0,alternator_failure,1.0,True
6962.0,alternator_failure,1.0,True
6963.0,alternator_failure,1.0,True
6964.0,alternator_failure,1.0,True
6965.0,alternator_failure,1.0,True
6966.0,alternator_failure,1.0,True
6967.0,alternator_failure,1.0,True
6968.0,alternator_failure,1.0,True
6969.0,alternator_failure,1.0,True
6970.0,alternator_failure,1.0,True
6971.0,alternator_failure,1.0,True
6972.0,alternator_failure,1.0,True
6973.0,alternator_failure,1.0,True
6974.0,alternator_failure,1.0,True
6975.0,alternator_failure,1.0,True
6976.0,alternator_failure,1.0,True
6977.0,alternator_failure,1.0,True
6978.0,alternator_failure,1.0,True
6979.0,alternator_failure,1.0,True
6980.0,alternator_failure,1.0,True
6981.0,alternator_failure,1.0,True
6982.0,alternator_failure,1.0,True
6983.0,alternator_failure,1.0,True
6984.0,alternator_failure,1.0,True
6985.0,alternator_failure,1.0,True
6986.0,alternator_failure,1.0,True
6987.0,alternator_failure,1.0,True
6988.0,alternator_failure,1.0,True
6989.0,alternator_failure,1.0,True
6990.0,alternator_failure,1.0,True
6991.0,alternator_failure,1.0,True
6992.0,alternator_failure,1.0,True
6993.0,alternator_failure,1.0,True
6994.0,alternator_failure,1.0,True
6995.0,alternator_failure,1.0,True
6996.0,alternator_failure,1.0,True
6997.0,alternator_failure,1.0,True
6998.0,alternator_failure,1.0,True
6999.0,alternator_failure,1.0,True
7000.0,alternator_failure,1.0,True
7001.0,alternator_failure,1.0,True
7002.0,alternator_failure,1.0,True
7003.0,alternator_failure,1.0,True
7004.0,alternator_failure,1.0,True
7005.0,alternator_failure,1.0,True
7006.0,alternator_failure,1.0,True
7007.0,alternator_failure,1.0,True
7008.0,alternator_failure,1.0,True
7009.0,alternator_failure,1.0,True
7010.0,alternator_failure,1.0,True
7011.0,alternator_failure,1.0,True
7012.0,alternator_failure,1.0,True
7013.0,alternator_failure,1.0,True
7014.0,alternator_failure,1.0,True
7015.0,alternator_failure,1.0,True
7016.0,alternator_failure,1.0,True
7017.0,alternator_failure,1.0,True
7018.0,alternator_failure,1.0,True
7019.0,alternator_failure,1.0,True
7020.0,alternator_failure,1.0,True
7021.0,alternator_failure,1.0,True
7022.0,alternator_failure,1.0,True
7023.0,alternator_failure,1.0,True
7024.0,alternator_failure,1.0,True
7025.0,alternator_failure,1.0,True
7026.0,alternator_failure,1.0,True
7027.0,alternator_failure,1.0,True
7028.0,alternator_failure,1.0,True
7029.0,alternator_failure,1.0,True
7030.0,alternator_failure,1.0,True
7031.0,alternator_failure,1.0,True
7032.0,alternator_failure,1.0,True
7033.0,alternator_failure,1.0,True
7034.0,alternator_failure,1.0,True
7035.0,alternator_failure,1.0,True
7036.0,alternator_failure,1.0,True
7037.0,alternator_failure,1.0,True
7038.0,alternator_failure,1.0,True
7039.0,alternator_failure,1.0,True
7040.0,alternator_failure,1.0,True
7041.0,alternator_failure,1.0,True
7042.0,alternator_failure,1.0,True
7043.0,alternator_failure,1.0,True
7044.0,alternator_failure,1.0,True
7045.0,alternator_failure,1.0,True
7046.0,alternator_failure,1.0,True
7047.0,alternator_failure,1.0,True
7048.0,alternator_failure,1.0,True
7049.0,alternator_failure,1.0,True
7050.0,alternator_failure,1.0,True
7051.0,alternator_failure,1.0,True
7052.0,alternator_failure,1.0,True
7053.0,alternator_failure,1.0,True
7054.0,alternator_failure,1.0,True
7055.0,alternator_failure,1.0,True
7056.0,alternator_failure,1.0,True
7057.0,alternator_failure,1.0,True
7058.0,alternator_failure,1.0,True
7059.0,alternator_failure,1.0,True
7060.0,alternator_failure,1.0,True
7061.0,alternator_failure,1.0,True
7062.0,alternator_failure,1.0,True
7063.0,alternator_failure,1.0,True
7064.0,alternator_failure,1.0,True
7065.0,alternator_failure,1.0,True
7066.0,alternator_failure,1.0,True
7067.0,alternator_failure,1.0,True
7068.0,alternator_failure,1.0,True
7069.0,alternator_failure,1.0,True
7070.0,alternator_failure,1.0,True
7071.0,alternator_failure,1.0,True
7072.0,alternator_failure,1.0,True
7073.0,alternator_failure,1.0,True
7074.0,alternator_failure,1.0,True
7075.0,alternator_failure,1.0,True
7076.0,alternator_failure,1.0,True
7077.0,alternator_failure,1.0,True
7078.0,alternator_failure,1.0,True
7079.0,alternator_failure,1.0,True
7080.0,alternator_failure,1.0,True
7081.0,alternator_failure,1.0,True
7082.0,alternator_failure,1.0,True
7083.0,alternator_failure,1.0,True
7084.0,alternator_failure,1.0,True
7085.0,alternator_failure,1.0,True
7086.0,alternator_failure,1.0,True
7087.0,alternator_failure,1.0,True
7088.0,alternator_failure,1.0,True
7089.0,alternator_failure,1.0,True
7090.0,alternator_failure,1.0,True
7091.0,alternator_failure,1.0,True
7092.0,alternator_failure,1.0,True
7093.0,alternator_failure,1.0,True
7094.0,alternator_failure,1.0,True
7095.0,alternator_failure,1.0,True
7096.0,alternator_failure,1.0,True
7097.0,alternator_failure,1.0,True
7098.0,alternator_failure,1.0,True
7099.0,alternator_failure,1.0,True
7100.0,alternator_failure,1.0,True
7101.0,alternator_failure,1.0,True
7102.0,alternator_failure,1.0,True
7103.0,alternator_failure,1.0,True
7104.0,alternator_failure,1.0,True
7105.0,alternator_failure,1.0,True
7106.0,alternator_failure,1.0,True
7107.0,alternator_failure,1.0,True
7108.0,alternator_failure,1.0,True
7109.0,alternator_failure,1.0,True
7110.0,alternator_failure,1.0,True
7111.0,alternator_failure,1.0,True
7112.0,alternator_failure,1.0,True
7113.0,alternator_failure,1.0,True
7114.0,alternator_failure,1.0,True
7115.0,alternator_failure,1.0,True
7116.0,alternator_failure,1.0,True
7117.0,alternator_failure,1.0,True
7118.0,alternator_failure,1.0,True
7119.0,alternator_failure,1.0,True
7120.0,alternator_failure,1.0,True
7121.0,alternator_failure,1.0,True
7122.0,alternator_failure,1.0,True
7123.0,alternator_failure,1.0,True
7124.0,alternator_failure,1.0,True
7125.0,alternator_failure,1.0,True
7126.0,alternator_failure,1.0,True
7127.0,alternator_failure,1.0,True
7128.0,alternator_failure,1.0,True
7129.0,alternator_failure,1.0,True
7130.0,alternator_failure,1.0,True
7131.0,alternator_failure,1.0,True
7132.0,alternator_failure,1.0,True
7133.0,alternator_failure,1.0,True
7134.0,alternator_failure,1.0,True
7135.0,alternator_failure,1.0,True
7136.0,alternator_failure,1.0,True
7137.0,alternator_failure,1.0,True
7138.0,alternator_failure,1.0,True
7139.0,alternator_failure,1.0,True
7140.0,alternator_failure,1.0,True
7141.0,alternator_failure,1.0,True
7142.0,alternator_failure,1.0,True
7143.0,alternator_failure,1.0,True
7144.0,alternator_failure,1.0,True
7145.0,alternator_failure,1.0,True
7146.0,alternator_failure,1.0,True
7147.0,alternator_failure,1.0,True
7148.0,alternator_failure,1.0,True
7149.0,alternator_failure,1.0,True
7150.0,alternator_failure,1.0,True
7151.0,alternator_failure,1.0,True
7152.0,alternator_failure,1.0,True
7153.0,alternator_failure,1.0,True
7154.0,alternator_failure,1.0,True
7155.0,alternator_failure,1.0,True
7156.0,alternator_failure,1.0,True
7157.0,alternator_failure,1.0,True
7158.0,alternator_failure,1.0,True
7159.0,alternator_failure,1.0,True
7160.0,alternator_failure,1.0,True
7161.0,alternator_failure,1.0,True
7162.0,alternator_failure,1.0,True
7163.0,alternator_failure,1.0,True
7164.0,alternator_failure,1.0,True
7165.0,alternator_failure,1.0,True
7166.0,alternator_failure,1.0,True
7167.0,alternator_failure,1.0,True
7168.0,alternator_failure,1.0,True
7169.0,alternator_failure,1.0,True
7170.0,alternator_failure,1.0,True
7171.0,alternator_failure,1.0,True
7172.0,alternator_failure,1.0,True
7173.0,alternator_failure,1.0,True
7174.0,alternator_failure,1.0,True
7175.0,alternator_failure,1.0,True
7176.0,alternator_failure,1.0,True
7177.0,alternator_failure,1.0,True
7178.0,alternator_failure,1.0,True
7179.0,alternator_failure,1.0,True
7180.0,alternator_failure,1.0,True
7181.0,alternator_failure,1.0,True
7182.0,alternator_failure,1.0,True
7183.0,alternator_failure,1.0,True
7184.0,alternator_failure,1.0,True
7185.0,alternator_failure,1.0,True
7186.0,alternator_failure,1.0,True
7187.0,alternator_failure,1.0,True
7188.0,alternator_failure,1.0,True
7189.0,alternator_failure,1.0,True
7190.0,alternator_failure,1.0,True
7191.0,alternator_failure,1.0,True
7192.0,alternator_failure,1.0,True
7193.0,alternator_failure,1.0,True
7194.0,alternator_failure,1.0,True
7195.0,alternator_failure,1.0,True
7196.0,alternator_failure,1.0,True
7197.0,alternator_failure,1.0,True
7198.0,alternator_failure,1.0,True
7199.0,alternator_failure,1.0,True
7200.0,alternator_failure,1.0,True
7201.0,alternator_failure,1.0,True
7202.0,alternator_failure,1.0,True
7203.0,alternator_failure,1.0,True
7204.0,alternator_failure,1.0,True
7205.0,alternator_failure,1.0,True
7206.0,alternator_failure,1.0,True
7207.0,alternator_failure,1.0,True
7208.0,alternator_failure,1.0,True
7209.0,alternator_failure,1.0,True
7210.0,alternator_failure,1.0,True
7211.0,alternator_failure,1.0,True
7212.0,alternator_failure,1.0,True
7213.0,alternator_failure,1.0,True
7214.0,alternator_failure,1.0,True
7215.0,alternator_failure,1.0,True
7216.0,alternator_failure,1.0,True
7217.0,alternator_failure,1.0,True
7218.0,alternator_failure,1.0,True
7219.0,alternator_failure,1.0,True
7220.0,alternator_failure,1.0,True
7221.0,alternator_failure,1.0,True
7222.0,alternator_failure,1.0,True
7223.0,alternator_failure,1.0,True
7224.0,alternator_failure,1.0,True
7225.0,alternator_failure,1.0,True
7226.0,alternator_failure,1.0,True
7227.0,alternator_failure,1.0,True
7228.0,alternator_failure,1.0,True
7229.0,alternator_failure,1.0,True
7230.0,alternator_failure,1.0,True
7231.0,alternator_failure,1.0,True
7232.0,alternator_failure,1.0,True
7233.0,alternator_failure,1.0,True
7234.0,alternator_failure,1.0,True
7235.0,alternator_failure,1.0,True
7236.0,alternator_failure,1.0,True
7237.0,alternator_failure,1.0,True
7238.0,alternator_failure,1.0,True
7239.0,alternator_failure,1.0,True
7240.0,alternator_failure,1.0,True
7241.0,alternator_failure,1.0,True
7242.0,alternator_failure,1.0,True
7243.0,alternator_failure,1.0,True
7244.0,alternator_failure,1.0,True
7245.0,alternator_failure,1.0,True
7246.0,alternator_failure,1.0,True
7247.0,alternator_failure,1.0,True
7248.0,alternator_failure,1.0,True
7249.0,alternator_failure,1.0,True
7250.0,alternator_failure,1.0,True
7251.0,alternator_failure,1.0,True
7252.0,alternator_failure,1.0,True
7253.0,alternator_failure,1.0,True
7254.0,alternator_failure,1.0,True
7255.0,alternator_failure,1.0,True
7256.0,alternator_failure,1.0,True
7257.0,alternator_failure,1.0,True
7258.0,alternator_failure,1.0,True
7259.0,alternator_failure,1.0,True
7260.0,alternator_failure,1.0,True
7261.0,alternator_failure,1.0,True
7262.0,alternator_failure,1.0,True
7263.0,alternator_failure,1.0,True
7264.0,alternator_failure,1.0,True
7265.0,alternator_failure,1.0,True
7266.0,alternator_failure,1.0,True
7267.0,alternator_failure,1.0,True
7268.0,alternator_failure,1.0,True
7269.0,alternator_failure,1.0,True
7270.0,alternator_failure,1.0,True
7271.0,alternator_failure,1.0,True
7272.0,alternator_failure,1.0,True
7273.0,alternator_failure,1.0,True
7274.0,alternator_failure,1.0,True
7275.0,alternator_failure,1.0,True
7276.0,alternator_failure,1.0,True
7277.0,alternator_failure,1.0,True
7278.0,alternator_failure,1.0,True
7279.0,alternator_failure,1.0,True
7280.0,alternator_failure,1.0,True
7281.0,alternator_failure,1.0,True
7282.0,alternator_failure,1.0,True
7283.0,alternator_failure,1.0,True
7284.0,alternator_failure,1.0,True
7285.0,alternator_failure,1.0,True
7286.0,alternator_failure,1.0,True
7287.0,alternator_failure,1.0,True
7288.0,alternator_failure,1.0,True
7289.0,alternator_failure,1.0,True
7290.0,alternator_failure,1.0,True
7291.0,alternator_failure,1.0,True
7292.0,alternator_failure,1.0,True
7293.0,alternator_failure,1.0,True
7294.0,alternator_failure,1.0,True
7295.0,alternator_failure,1.0,True
7296.0,alternator_failure,1.0,True
7297.0,alternator_failure,1.0,True
7298.0,alternator_failure,1.0,True
7299.0,alternator_failure,1.0,True
7300.0,alternator_failure,1.0,True
7301.0,alternator_failure,1.0,True
7302.0,alternator_failure,1.0,True
7303.0,alternator_failure,1.0,True
7304.0,alternator_failure,1.0,True
7305.0,alternator_failure,1.0,True
7306.0,alternator_failure,1.0,True
7307.0,alternator_failure,1.0,True
7308.0,alternator_failure,1.0,True
7309.0,alternator_failure,1.0,True
7310.0,alternator_failure,1.0,True
7311.0,alternator_failure,1.0,True
7312.0,alternator_failure,1.0,True
7313.0,alternator_failure,1.0,True
7314.0,alternator_failure,1.0,True
7315.0,alternator_failure,1.0,True
7316.0,alternator_failure,1.0,True
7317.0,alternator_failure,1.0,True
7318.0,alternator_failure,1.0,True
7319.0,alternator_failure,1.0,True
7320.0,alternator_failure,1.0,True
7321.0,alternator_failure,1.0,True
7322.0,alternator_failure,1.0,True
7323.0,alternator_failure,1.0,True
7324.0,alternator_failure,1.0,True
7325.0,alternator_failure,1.0,True
7326.0,alternator_failure,1.0,True
7327.0,alternator_failure,1.0,True
7328.0,alternator_failure,1.0,True
7329.0,alternator_failure,1.0,True
7330.0,alternator_failure,1.0,True
7331.0,alternator_failure,1.0,True
7332.0,alternator_failure,1.0,True
7333.0,alternator_failure,1.0,True
7334.0,alternator_failure,1.0,True
7335.0,alternator_failure,1.0,True
7336.0,alternator_failure,1.0,True
7337.0,alternator_failure,1.0,True
7338.0,alternator_failure,1.0,True
7339.0,alternator_failure,1.0,True
7340.0,alternator_failure,1.0,True
7341.0,alternator_failure,1.0,True
7342.0,alternator_failure,1.0,True
7343.0,alternator_failure,1.0,True
7344.0,alternator_failure,1.0,True
7345.0,alternator_failure,1.0,True
7346.0,alternator_failure,1.0,True
7347.0,alternator_failure,1.0,True
7348.0,alternator_failure,1.0,True
7349.0,alternator_failure,1.0,True
7350.0,alternator_failure,1.0,True
7351.0,alternator_failure,1.0,True
7352.0,alternator_failure,1.0,True
7353.0,alternator_failure,1.0,True
7354.0,alternator_failure,1.0,True
7355.0,alternator_failure,1.0,True
7356.0,alternator_failure,1.0,True
7357.0,alternator_failure,1.0,True
7358.0,alternator_failure,1.0,True
7359.0,alternator_failure,1.0,True
7360.0,alternator_failure,1.0,True
7361.0,alternator_failure,1.0,True
7362.0,alternator_failure,1.0,True
7363.0,alternator_failure,1.0,True
7364.0,alternator_failure,1.0,True
7365.0,alternator_failure,1.0,True
7366.0,alternator_failure,1.0,True
7367.0,alternator_failure,1.0,True
7368.0,alternator_failure,1.0,True
7369.0,alternator_failure,1.0,True
7370.0,alternator_failure,1.0,True
7371.0,alternator_failure,1.0,True
7372.0,alternator_failure,1.0,True
7373.0,alternator_failure,1.0,True
7374.0,alternator_failure,1.0,True
7375.0,alternator_failure,1.0,True
7376.0,alternator_failure,1.0,True
7377.0,alternator_failure,1.0,True
7378.0,alternator_failure,1.0,True
7379.0,alternator_failure,1.0,True
7380.0,alternator_failure,1.0,True
7381.0,alternator_failure,1.0,True
7382.0,alternator_failure,1.0,True
7383.0,alternator_failure,1.0,True
7384.0,alternator_failure,1.0,True
7385.0,alternator_failure,1.0,True
7386.0,alternator_failure,1.0,True
7387.0,alternator_failure,1.0,True
7388.0,alternator_failure,1.0,True
7389.0,alternator_failure,1.0,True
7390.0,alternator_failure,1.0,True
7391.0,alternator_failure,1.0,True
7392.0,alternator_failure,1.0,True
7393.0,alternator_failure,1.0,True
7394.0,alternator_failure,1.0,True
7395.0,alternator_failure,1.0,True
7396.0,alternator_failure,1.0,True
7397.0,alternator_failure,1.0,True
7398.0,alternator_failure,1.0,True
7399.0,alternator_failure,1.0,True
7400.0,alternator_failure,1.0,True
7401.0,alternator_failure,1.0,True
7402.0,alternator_failure,1.0,True
7403.0,alternator_failure,1.0,True
7404.0,alternator_failure,1.0,True
7405.0,alternator_failure,1.0,True
7406.0,alternator_failure,1.0,True
7407.0,alternator_failure,1.0,True
7408.0,alternator_failure,1.0,True
7409.0,alternator_failure,1.0,True
7410.0,alternator_failure,1.0,True
7411.0,alternator_failure,1.0,True
7412.0,alternator_failure,1.0,True
7413.0,alternator_failure,1.0,True
7414.0,alternator_failure,1.0,True
7415.0,alternator_failure,1.0,True
7416.0,alternator_failure,1.0,True
7417.0,alternator_failure,1.0,True
7418.0,alternator_failure,1.0,True
7419.0,alternator_failure,1.0,True
7420.0,alternator_failure,1.0,True
7421.0,alternator_failure,1.0,True
7422.0,alternator_failure,1.0,True
7423.0,alternator_failure,1.0,True
7424.0,alternator_failure,1.0,True
7425.0,alternator_failure,1.0,True
7426.0,alternator_failure,1.0,True
7427.0,alternator_failure,1.0,True
7428.0,alternator_failure,1.0,True
7429.0,alternator_failure,1.0,True
7430.0,alternator_failure,1.0,True
7431.0,alternator_failure,1.0,True
7432.0,alternator_failure,1.0,True
7433.0,alternator_failure,1.0,True
7434.0,alternator_failure,1.0,True
7435.0,alternator_failure,1.0,True
7436.0,alternator_failure,1.0,True
7437.0,alternator_failure,1.0,True
7438.0,alternator_failure,1.0,True
7439.0,alternator_failure,1.0,True
7440.0,alternator_failure,1.0,True
7441.0,alternator_failure,1.0,True
7442.0,alternator_failure,1.0,True
7443.0,alternator_failure,1.0,True
7444.0,alternator_failure,1.0,True
7445.0,alternator_failure,1.0,True
7446.0,alternator_failure,1.0,True
7447.0,alternator_failure,1.0,True
7448.0,alternator_failure,1.0,True
7449.0,alternator_failure,1.0,True
7450.0,alternator_failure,1.0,True
7451.0,alternator_failure,1.0,True
7452.0,alternator_failure,1.0,True
7453.0,alternator_failure,1.0,True
7454.0,alternator_failure,1.0,True
7455.0,alternator_failure,1.0,True
7456.0,alternator_failure,1.0,True
7457.0,alternator_failure,1.0,True
7458.0,alternator_failure,1.0,True
7459.0,alternator_failure,1.0,True
7460.0,alternator_failure,1.0,True
7461.0,alternator_failure,1.0,True
7462.0,alternator_failure,1.0,True
7463.0,alternator_failure,1.0,True
7464.0,alternator_failure,1.0,True
7465.0,alternator_failure,1.0,True
7466.0,alternator_failure,1.0,True
7467.0,alternator_failure,1.0,True
7468.0,alternator_failure,1.0,True
7469.0,alternator_failure,1.0,True
7470.0,alternator_failure,1.0,True
7471.0,alternator_failure,1.0,True
7472.0,alternator_failure,1.0,True
7473.0,alternator_failure,1.0,True
7474.0,alternator_failure,1.0,True
7475.0,alternator_failure,1.0,True
7476.0,alternator_failure,1.0,True
7477.0,alternator_failure,1.0,True
7478.0,alternator_failure,1.0,True
7479.0,alternator_failure,1.0,True
7480.0,alternator_failure,1.0,True
7481.0,alternator_failure,1.0,True
7482.0,alternator_failure,1.0,True
7483.0,alternator_failure,1.0,True
7484.0,alternator_failure,1.0,True
7485.0,alternator_failure,1.0,True
7486.0,alternator_failure,1.0,True
7487.0,alternator_failure,1.0,True
7488.0,alternator_failure,1.0,True
7489.0,alternator_failure,1.0,True
7490.0,alternator_failure,1.0,True
7491.0,alternator_failure,1.0,True
7492.0,alternator_failure,1.0,True
7493.0,alternator_failure,1.0,True
7494.0,alternator_failure,1.0,True
7495.0,alternator_failure,1.0,True
7496.0,alternator_failure,1.0,True
7497.0,alternator_failure,1.0,True
7498.0,alternator_failure,1.0,True
7499.0,alternator_failure,1.0,True
